chi_kappa,L,P_counter,Cobb_baseline,Cobb_angle,D_geo,S_proprio,R_deficit
0.01,0.25,0.007568527732315109,0.44995250354508715,0.44995250354508715,0.02648346811213926,0.14950709062308723,0.05062320255696528
0.01473684210526316,0.25,0.01643691341311648,0.44995250354508715,0.44995250354508715,0.03902826879683682,0.14950709062308723,0.10994069474975292
0.019473684210526317,0.25,0.028701702120607728,0.44995250354508715,0.44995250354508715,0.05157306948153436,0.14950709062308723,0.1919755243780762
0.024210526315789474,0.25,0.04436289385478885,0.44995250354508715,0.44995250354508715,0.0641178701662319,0.14950709062308723,0.29672769144193506
0.02894736842105263,0.25,0.06342048861565987,0.44995250354508715,0.44995250354508715,0.07666267085092945,0.14950709062308723,0.4241971959413297
0.03368421052631579,0.25,0.08587448640322076,0.44995250354508715,0.44995250354508715,0.089207471535627,0.14950709062308723,0.5743840378762599
0.03842105263157895,0.25,0.11172488721747159,0.44995250354508715,0.44995250354508715,0.10175227222032457,0.14950709062308723,0.7472882172467262
0.04315789473684211,0.25,0.14097169105841226,0.44995250354508715,0.44995250354508715,0.1142970729050221,0.14950709062308723,0.9429097340527278
0.04789473684210527,0.25,0.1736148979260428,0.44995250354508715,0.8127235335256648,0.12684187358971966,0.14950709062308723,1.161248588294265
0.052631578947368425,0.25,0.2096545078203632,0.44995250354508715,1.355042718226382,0.1393866742744172,0.14950709062308723,1.402304779971338
0.05736842105263158,0.25,0.24909052074137356,0.44995250354508715,1.9484705171920877,0.15193147495911474,0.14950709062308723,1.6660783090839466
0.06210526315789474,0.25,0.2919229366890737,0.44995250354508715,2.5930069304227823,0.1644762756438123,0.14950709062308723,1.9525691756320906
0.0668421052631579,0.25,0.33815175566346384,0.44995250354508715,3.2886519579184674,0.17702107632850983,0.14950709062308723,2.261777379615771
0.07157894736842106,0.25,0.38777697766454383,0.44995250354508715,4.035405599679141,0.18956587701320737,0.14950709062308723,2.593702921034987
0.07631578947368421,0.25,0.44079860269231375,0.44995250354508715,4.833267855704803,0.20211067769790494,0.14950709062308723,2.9483457998897387
0.08105263157894736,0.25,0.49721663074677314,0.44995250354508715,5.682238725995449,0.2146554783826024,0.14950709062308723,3.3257060161800234
0.08578947368421053,0.25,0.5570310618279228,0.44995250354508715,6.58231821055109,0.22720027906729998,0.14950709062308723,3.7257835699058464
0.09052631578947369,0.25,0.6202418959357624,0.44995250354508715,7.533506309371721,0.23974507975199755,0.14950709062308723,4.148578461067205
0.09526315789473684,0.25,0.6868491330702918,0.44995250354508715,8.53580302245734,0.2522898804366951,0.14950709062308723,4.5940906896641
0.1,0.25,0.7568527732315112,0.44995250354508715,9.589208349807949,0.26483468112139263,0.14950709062308723,5.06232025569653
0.01,0.2657894736842105,0.0075685277323151124,0.4811736848510427,0.4811736848510427,0.026483468112139266,0.15605591278014938,0.04849882069497494
0.01473684210526316,0.2657894736842105,0.01643691341311648,0.4811736848510427,0.4811736848510427,0.03902826879683682,0.15605591278014938,0.10532707873922537
0.019473684210526317,0.2657894736842105,0.028701702120607728,0.4811736848510427,0.4811736848510427,0.05157306948153437,0.15605591278014938,0.1839193505025504
0.024210526315789474,0.2657894736842105,0.04436289385478885,0.4811736848510427,0.4811736848510427,0.06411787016623191,0.15605591278014938,0.28427563598495
0.02894736842105263,0.2657894736842105,0.06342048861565987,0.4811736848510427,0.4811736848510427,0.07666267085092944,0.15605591278014938,0.40639593518642425
0.03368421052631579,0.2657894736842105,0.08587448640322076,0.4811736848510427,0.4811736848510427,0.089207471535627,0.15605591278014938,0.5502802481069732
0.03842105263157895,0.2657894736842105,0.11172488721747158,0.4811736848510427,0.4811736848510427,0.10175227222032455,0.15605591278014938,0.7159285747465969
0.04315789473684211,0.2657894736842105,0.14097169105841217,0.4811736848510427,0.4811736848510427,0.11429707290502207,0.15605591278014938,0.9033409151052946
0.04789473684210527,0.2657894736842105,0.17361489792604284,0.4811736848510427,0.7518754299620103,0.12684187358971966,0.15605591278014938,1.112517269183068
0.052631578947368425,0.2657894736842105,0.20965450782036324,0.4811736848510427,1.3074875687303302,0.13938667427441723,0.15605591278014938,1.3434576369799152
0.05736842105263158,0.2657894736842105,0.24909052074137356,0.4811736848510427,1.9154610608904301,0.15193147495911474,0.15605591278014938,1.5961620184958372
0.06210526315789474,0.2657894736842105,0.2919229366890737,0.4811736848510427,2.575795906442308,0.1644762756438123,0.15605591278014938,1.8706304137308336
0.0668421052631579,0.2657894736842105,0.33815175566346384,0.4811736848510427,3.2884921053859664,0.17702107632850983,0.15605591278014938,2.166862822684905
0.07157894736842106,0.2657894736842105,0.3877769776645439,0.4811736848510427,4.053549657721404,0.1895658770132074,0.15605591278014938,2.4848592453580514
0.07631578947368421,0.2657894736842105,0.4407986026923136,0.4811736848510427,4.870968563448617,0.2021106776979049,0.15605591278014938,2.824619681750271
0.08105263157894736,0.2657894736842105,0.4972166307467732,0.4811736848510427,5.740748822567609,0.21465547838260243,0.15605591278014938,3.1861441318615653
0.08578947368421053,0.2657894736842105,0.5570310618279231,0.4811736848510427,6.662890435078385,0.22720027906730003,0.15605591278014938,3.5694325956919366
0.09052631578947369,0.2657894736842105,0.6202418959357625,0.4811736848510427,7.637393400980937,0.23974507975199758,0.15605591278014938,3.9744850732413806
0.09526315789473684,0.2657894736842105,0.6868491330702918,0.4811736848510427,8.664257720275268,0.2522898804366951,0.15605591278014938,4.401301564509899
0.1,0.2657894736842105,0.7568527732315112,0.4811736848510427,9.743483392961378,0.2648346811213927,0.15605591278014938,4.849882069497494
0.01,0.28157894736842104,0.00756852773231511,0.5129097264846372,0.5129097264846372,0.026483468112139263,0.16248897943784388,0.04657871419033844
0.01473684210526316,0.28157894736842104,0.016436913413116476,0.5129097264846372,0.5129097264846372,0.03902826879683682,0.16248897943784388,0.1011570967457766
0.019473684210526317,0.28157894736842104,0.028701702120607724,0.5129097264846372,0.5129097264846372,0.05157306948153435,0.16248897943784388,0.1766378385777655
0.024210526315789474,0.28157894736842104,0.044362893854788844,0.5129097264846372,0.5129097264846372,0.0641178701662319,0.16248897943784388,0.2730209396863051
0.02894736842105263,0.28157894736842104,0.06342048861565985,0.5129097264846372,0.5129097264846372,0.07666267085092944,0.16248897943784388,0.3903064000713955
0.03368421052631579,0.28157894736842104,0.08587448640322075,0.5129097264846372,0.5129097264846372,0.08920747153562698,0.16248897943784388,0.5284942197330367
0.03842105263157895,0.28157894736842104,0.11172488721747158,0.5129097264846372,0.5129097264846372,0.10175227222032455,0.16248897943784388,0.687584398671229
0.04315789473684211,0.28157894736842104,0.14097169105841223,0.5129097264846372,0.5129097264846372,0.11429707290502208,0.16248897943784388,0.8675769368859717
0.04789473684210527,0.28157894736842104,0.17361489792604282,0.5129097264846372,0.6885090756963602,0.12684187358971966,0.16248897943784388,1.0684718343772655
0.052631578947368425,0.28157894736842104,0.2096545078203632,0.5129097264846372,1.257318927215549,0.1393866742744172,0.16248897943784388,1.2902690911451096
0.05736842105263158,0.28157894736842104,0.24909052074137347,0.5129097264846372,1.8797338956318335,0.15193147495911472,0.16248897943784388,1.5329687071895042
0.06210526315789474,0.28157894736842104,0.29192293668907376,0.5129097264846372,2.555753980945217,0.1644762756438123,0.16248897943784388,1.7965706825104506
0.0668421052631579,0.28157894736842104,0.3381517556634639,0.5129097264846372,3.2853791831556967,0.17702107632850986,0.16248897943784388,2.0810750171079477
0.07157894736842106,0.28157894736842104,0.3877769776645439,0.5129097264846372,4.068609502263272,0.18956587701320737,0.16248897943784388,2.3864817109819954
0.07631578947368421,0.28157894736842104,0.4407986026923137,0.5129097264846372,4.905444938267943,0.20211067769790492,0.16248897943784388,2.7127907641325932
0.08105263157894736,0.28157894736842104,0.4972166307467733,0.5129097264846372,5.795885491169709,0.21465547838260243,0.16248897943784388,3.0600021765597414
0.08578947368421053,0.28157894736842104,0.5570310618279231,0.5129097264846372,6.739931160968573,0.2272002790673,0.16248897943784388,3.4281159482634416
0.09052631578947369,0.28157894736842104,0.6202418959357626,0.5129097264846372,7.737581947664534,0.23974507975199758,0.16248897943784388,3.8171320792436925
0.09526315789473684,0.28157894736842104,0.6868491330702918,0.5129097264846372,8.78883785125759,0.2522898804366951,0.16248897943784388,4.227050569500493
0.1,0.28157894736842104,0.7568527732315112,0.5129097264846372,9.893698871747745,0.26483468112139263,0.16248897943784388,4.657871419033846
0.01,0.2973684210526316,0.0075685277323151124,0.545191214207908,0.545191214207908,0.026483468112139266,0.16881466723696084,0.044833353974458645
0.01473684210526316,0.2973684210526316,0.01643691341311648,0.545191214207908,0.545191214207908,0.039028268796836824,0.16881466723696084,0.0973666191578271
0.019473684210526317,0.2973684210526316,0.028701702120607724,0.545191214207908,0.545191214207908,0.05157306948153436,0.16881466723696084,0.1700190071773792
0.024210526315789474,0.2973684210526316,0.044362893854788865,0.545191214207908,0.545191214207908,0.06411787016623191,0.16881466723696084,0.262790518033115
0.02894736842105263,0.2973684210526316,0.0634204886156599,0.545191214207908,0.545191214207908,0.07666267085092947,0.16881466723696084,0.37568115172503447
0.03368421052631579,0.2973684210526316,0.08587448640322079,0.545191214207908,0.545191214207908,0.089207471535627,0.16881466723696084,0.5086909082531376
0.03842105263157895,0.2973684210526316,0.11172488721747159,0.545191214207908,0.545191214207908,0.10175227222032455,0.16881466723696084,0.6618197876174243
0.04315789473684211,0.2973684210526316,0.14097169105841226,0.545191214207908,0.545191214207908,0.1142970729050221,0.16881466723696084,0.8350677898178948
0.04789473684210527,0.2973684210526316,0.17361489792604282,0.545191214207908,0.6227035429851578,0.12684187358971966,0.16881466723696084,1.0284349148545489
0.052631578947368425,0.2973684210526316,0.20965450782036324,0.545191214207908,1.2046576764575718,0.1393866742744172,0.16881466723696084,1.2419211627273865
0.05736842105263158,0.2973684210526316,0.24909052074137356,0.545191214207908,1.8414556549692707,0.15193147495911474,0.16881466723696084,1.4755265334364078
0.06210526315789474,0.2973684210526316,0.29192293668907376,0.545191214207908,2.5330974785202547,0.1644762756438123,0.16881466723696084,1.7292510269816128
0.0668421052631579,0.2973684210526316,0.3381517556634638,0.545191214207908,3.2795831471105226,0.1770210763285098,0.16881466723696084,2.003094643363001
0.07157894736842106,0.2973684210526316,0.3877769776645439,0.545191214207908,4.080912660740078,0.1895658770132074,0.16881466723696084,2.297057382580574
0.07631578947368421,0.2973684210526316,0.4407986026923137,0.545191214207908,4.937086019408918,0.20211067769790492,0.16881466723696084,2.61113924463433
0.08105263157894736,0.2973684210526316,0.4972166307467733,0.545191214207908,5.8481032231170405,0.21465547838260243,0.16881466723696084,2.9453402295242688
0.08578947368421053,0.2973684210526316,0.5570310618279231,0.545191214207908,6.813964271864451,0.2272002790673,0.16881466723696084,3.2996603372503928
0.09052631578947369,0.2973684210526316,0.6202418959357627,0.545191214207908,7.834669165651149,0.2397450797519976,0.16881466723696084,3.674099567812701
0.09526315789473684,0.2973684210526316,0.6868491330702919,0.545191214207908,8.910217904477125,0.2522898804366951,0.16881466723696084,4.06865792121119
0.1,0.2973684210526316,0.7568527732315113,0.545191214207908,10.040610488342391,0.26483468112139263,0.16881466723696084,4.483335397445865
0.01,0.31315789473684214,0.0075685277323151124,0.5780487337828928,0.5780487337828928,0.026483468112139266,0.17504033650545905,0.04323876360966131
0.01473684210526316,0.31315789473684214,0.01643691341311648,0.5780487337828928,0.5780487337828928,0.03902826879683682,0.17504033650545905,0.09390357526308717
0.019473684210526317,0.31315789473684214,0.028701702120607728,0.5780487337828928,0.5780487337828928,0.05157306948153436,0.17504033650545905,0.1639719318050591
0.024210526315789474,0.31315789473684214,0.04436289385478885,0.5780487337828928,0.5780487337828928,0.0641178701662319,0.17504033650545905,0.253443833235577
0.02894736842105263,0.31315789473684214,0.06342048861565987,0.5780487337828928,0.5780487337828928,0.07666267085092945,0.17504033650545905,0.3623192795546411
0.03368421052631579,0.31315789473684214,0.08587448640322078,0.5780487337828928,0.5780487337828928,0.089207471535627,0.17504033650545905,0.49059827076225127
0.03842105263157895,0.31315789473684214,0.11172488721747159,0.5780487337828928,0.5780487337828928,0.10175227222032455,0.17504033650545905,0.6382808068584076
0.04315789473684211,0.31315789473684214,0.14097169105841226,0.5780487337828928,0.5780487337828928,0.11429707290502211,0.17504033650545905,0.80536688784311
0.04789473684210527,0.31315789473684214,0.17361489792604282,0.5780487337828928,0.5780487337828928,0.12684187358971966,0.17504033650545905,0.9918565137163583
0.052631578947368425,0.31315789473684214,0.20965450782036327,0.5780487337828928,1.1495935073757066,0.1393866742744172,0.17504033650545905,1.1977496844781528
0.05736842105263158,0.31315789473684214,0.2490905207413736,0.5780487337828928,1.800755913411326,0.15193147495911477,0.17504033650545905,1.4230464001284935
0.06210526315789474,0.31315789473684214,0.29192293668907376,0.5780487337828928,2.507999292215562,0.1644762756438123,0.17504033650545905,1.6677466606673796
0.0668421052631579,0.31315789473684214,0.3381517556634639,0.5780487337828928,3.2713236437884166,0.17702107632850983,0.17504033650545905,1.9318504660948124
0.07157894736842106,0.31315789473684214,0.38777697766454383,0.5780487337828928,4.090728968129889,0.18956587701320735,0.17504033650545905,2.215357816410791
0.07631578947368421,0.31315789473684214,0.44079860269231363,0.5780487337828928,4.9662152652399785,0.20211067769790492,0.17504033650545905,2.5182687116153155
0.08105263157894736,0.31315789473684214,0.4972166307467734,0.5780487337828928,5.897782535118687,0.21465547838260246,0.17504033650545905,2.8405831517083864
0.08578947368421053,0.31315789473684214,0.557031061827923,0.5780487337828928,6.885430777766011,0.22720027906729998,0.17504033650545905,3.1823011366900027
0.09052631578947369,0.31315789473684214,0.6202418959357626,0.5780487337828928,7.929159993181958,0.23974507975199755,0.17504033650545905,3.5434226665601667
0.09526315789473684,0.31315789473684214,0.6868491330702922,0.5780487337828928,9.028970181366523,0.25228988043669515,0.17504033650545905,3.9239477413188766
0.1,0.31315789473684214,0.7568527732315113,0.5780487337828928,10.184861342319701,0.26483468112139263,0.17504033650545905,4.323876360966131
0.01,0.32894736842105265,0.007568527732315113,0.6115128709716303,0.6115128709716303,0.026483468112139266,0.1811724993708587,0.041775257053899756
0.01473684210526316,0.32894736842105265,0.01643691341311648,0.6115128709716303,0.6115128709716303,0.03902826879683681,0.1811724993708587,0.09072521199517287
0.019473684210526317,0.32894736842105265,0.028701702120607728,0.6115128709716303,0.6115128709716303,0.05157306948153436,0.1811724993708587,0.15842195819055058
0.024210526315789474,0.32894736842105265,0.04436289385478885,0.6115128709716303,0.6115128709716303,0.06411787016623191,0.1811724993708587,0.24486549564003285
0.02894736842105263,0.32894736842105265,0.06342048861565987,0.6115128709716303,0.6115128709716303,0.07666267085092945,0.1811724993708587,0.35005582434361976
0.03368421052631579,0.32894736842105265,0.08587448640322079,0.6115128709716303,0.6115128709716303,0.08920747153562701,0.1811724993708587,0.47399294430131134
0.03842105263157895,0.32894736842105265,0.1117248872174716,0.6115128709716303,0.6115128709716303,0.10175227222032455,0.1811724993708587,0.6166768555131076
0.04315789473684211,0.32894736842105265,0.14097169105841226,0.6115128709716303,0.6115128709716303,0.1142970729050221,0.1811724993708587,0.7781075579790082
0.04789473684210527,0.32894736842105265,0.17361489792604284,0.6115128709716303,0.6115128709716303,0.12684187358971966,0.1811724993708587,0.9582850516990137
0.052631578947368425,0.32894736842105265,0.20965450782036327,0.6115128709716303,1.0921905350342673,0.1393866742744172,0.1811724993708587,1.1572093366731235
0.05736842105263158,0.32894736842105265,0.2490905207413736,0.6115128709716303,1.7577338587932676,0.15193147495911474,0.1811724993708587,1.3748804129013381
0.06210526315789474,0.32894736842105265,0.29192293668907376,0.6115128709716303,2.480596703258784,0.16447627564381226,0.1811724993708587,1.6112982803836569
0.0668421052631579,0.32894736842105265,0.3381517556634639,0.6115128709716303,3.2607790684308178,0.17702107632850983,0.1811724993708587,1.8664629391200807
0.07157894736842106,0.32894736842105265,0.38777697766454383,0.6115128709716303,4.098280954309367,0.18956587701320737,0.1811724993708587,2.1403743891106086
0.07631578947368421,0.32894736842105265,0.4407986026923137,0.6115128709716303,4.993102360894436,0.20211067769790492,0.1811724993708587,2.4330326303552416
0.08105263157894736,0.32894736842105265,0.4972166307467734,0.6115128709716303,5.945243288186018,0.2146554783826025,0.1811724993708587,2.744437662853979
0.08578947368421053,0.32894736842105265,0.5570310618279231,0.6115128709716303,6.954703736184119,0.2272002790673,0.1811724993708587,3.074589486606821
0.09052631578947369,0.32894736842105265,0.6202418959357626,0.6115128709716303,8.021483704888738,0.23974507975199758,0.1811724993708587,3.423488101613768
0.09526315789473684,0.32894736842105265,0.6868491330702919,0.6115128709716303,9.14558319429987,0.2522898804366951,0.1811724993708587,3.791133507874819
0.1,0.32894736842105265,0.7568527732315112,0.6115128709716303,10.327002204417523,0.26483468112139263,0.1811724993708587,4.177525705389975
0.01,0.3447368421052632,0.007568527732315112,0.6456142115361582,0.6456142115361582,0.026483468112139263,0.1872169533562528,0.040426508372417826
0.01473684210526316,0.3447368421052632,0.016436913413116476,0.6456142115361582,0.6456142115361582,0.03902826879683681,0.1872169533562528,0.08779607358441989
0.019473684210526317,0.3447368421052632,0.02870170212060773,0.6456142115361582,0.6456142115361582,0.05157306948153437,0.1872169533562528,0.15330717440952915
0.024210526315789474,0.3447368421052632,0.04436289385478885,0.6456142115361582,0.6456142115361582,0.0641178701662319,0.1872169533562528,0.23695981084774548
0.02894736842105263,0.3447368421052632,0.06342048861565987,0.6456142115361582,0.6456142115361582,0.07666267085092944,0.1872169533562528,0.33875398289906905
0.03368421052631579,0.3447368421052632,0.08587448640322079,0.6456142115361582,0.6456142115361582,0.089207471535627,0.1872169533562528,0.4586896905634999
0.03842105263157895,0.3447368421052632,0.1117248872174716,0.6456142115361582,0.6456142115361582,0.10175227222032457,0.1872169533562528,0.596766933841038
0.04315789473684211,0.3447368421052632,0.14097169105841223,0.6456142115361582,0.6456142115361582,0.1142970729050221,0.1872169533562528,0.7529857127316828
0.04789473684210527,0.3447368421052632,0.17361489792604276,0.6456142115361582,0.6456142115361582,0.12684187358971963,0.1872169533562528,0.9273460272354349
0.052631578947368425,0.3447368421052632,0.2096545078203632,0.6456142115361582,1.032491675741577,0.13938667427441717,0.1872169533562528,1.1198478773522944
0.05736842105263158,0.3447368421052632,0.24909052074137358,0.6456142115361582,1.7124634927083742,0.15193147495911474,0.1872169533562528,1.3304912630822614
0.06210526315789474,0.3447368421052632,0.2919229366890737,0.6456142115361582,2.4509974757297255,0.16447627564381226,0.1872169533562528,1.5592761844253347
0.0668421052631579,0.3447368421052632,0.33815175566346384,0.6456142115361582,3.248093624805635,0.17702107632850983,0.1872169533562528,1.8062026413815158
0.07157894736842106,0.3447368421052632,0.3877769776645439,0.6456142115361582,4.103751939936103,0.18956587701320737,0.1872169533562528,2.0712706339508045
0.07631578947368421,0.3447368421052632,0.4407986026923137,0.6456142115361582,5.017972421121125,0.20211067769790494,0.1872169533562528,2.3544801621331994
0.08105263157894736,0.3447368421052632,0.4972166307467733,0.6456142115361582,5.9907550683607,0.21465547838260243,0.1872169533562528,2.655831225928701
0.08578947368421053,0.3447368421052632,0.557031061827923,0.6456142115361582,7.022099881654837,0.2272002790673,0.1872169533562528,2.975323825337311
0.09052631578947369,0.3447368421052632,0.6202418959357625,0.6456142115361582,8.11200686100353,0.23974507975199755,0.1872169533562528,3.312957960359028
0.09526315789473684,0.3447368421052632,0.6868491330702918,0.6456142115361582,9.260476006406778,0.2522898804366951,0.1872169533562528,3.6687336309938514
0.1,0.3447368421052632,0.7568527732315111,0.6456142115361582,10.467507317864584,0.26483468112139263,0.1872169533562528,4.042650837241783
0.01,0.3605263157894737,0.007568527732315112,0.6803833412385136,0.6803833412385136,0.026483468112139263,0.19317888879921863,0.039178855305361526
0.01473684210526316,0.3605263157894737,0.016436913413116483,0.6803833412385136,0.6803833412385136,0.03902826879683682,0.19317888879921863,0.08508648908422009
0.019473684210526317,0.3605263157894737,0.028701702120607728,0.6803833412385136,0.6803833412385136,0.05157306948153436,0.19317888879921863,0.1485757698422159
0.024210526315789474,0.3605263157894737,0.04436289385478885,0.6803833412385136,0.6803833412385136,0.0641178701662319,0.19317888879921863,0.229646697579349
0.02894736842105263,0.3605263157894737,0.06342048861565985,0.6803833412385136,0.6803833412385136,0.07666267085092944,0.19317888879921863,0.3282992722956194
0.03368421052631579,0.3605263157894737,0.08587448640322075,0.6803833412385136,0.6803833412385136,0.08920747153562698,0.19317888879921863,0.4445334939910271
0.03842105263157895,0.3605263157894737,0.11172488721747159,0.6803833412385136,0.6803833412385136,0.10175227222032457,0.19317888879921863,0.5783493626655725
0.04315789473684211,0.3605263157894737,0.14097169105841223,0.6803833412385136,0.6803833412385136,0.1142970729050221,0.19317888879921863,0.7297468783192547
0.04789473684210527,0.3605263157894737,0.1736148979260428,0.6803833412385136,0.6803833412385136,0.12684187358971963,0.19317888879921863,0.8987260409520744
0.052631578947368425,0.3605263157894737,0.20965450782036327,0.6803833412385136,0.9705221029908419,0.1393866742744172,0.19317888879921863,1.0852868505640316
0.05736842105263158,0.3605263157894737,0.24909052074137353,0.6803833412385136,1.6649977365112751,0.15193147495911474,0.19317888879921863,1.2894293071551255
0.06210526315789474,0.3605263157894737,0.29192293668907376,0.6803833412385136,2.4192846686124176,0.1644762756438123,0.19317888879921863,1.5111534107253572
0.0668421052631579,0.3605263157894737,0.33815175566346384,0.6803833412385136,3.2333828992942677,0.17702107632850983,0.19317888879921863,1.7504591612747262
0.07157894736842106,0.3605263157894737,0.3877769776645439,0.6803833412385136,4.107292428556825,0.18956587701320737,0.19317888879921863,2.0073465588032327
0.07631578947368421,0.3605263157894737,0.44079860269231363,0.6803833412385136,5.041013256400088,0.2021106776979049,0.19317888879921863,2.281815603310876
0.08105263157894736,0.3605263157894737,0.4972166307467732,0.6803833412385136,6.0345453828240565,0.2146554783826024,0.19317888879921863,2.573866294797656
0.08578947368421053,0.3605263157894737,0.557031061827923,0.6803833412385136,7.087888807828737,0.22720027906729995,0.19317888879921863,2.8834986332635744
0.09052631578947369,0.3605263157894737,0.6202418959357626,0.6803833412385136,8.201043531414125,0.23974507975199755,0.19317888879921863,3.2107126187086306
0.09526315789473684,0.3605263157894737,0.6868491330702919,0.6803833412385136,9.374009553580217,0.2522898804366951,0.19317888879921863,3.555508251132823
0.1,0.3605263157894737,0.7568527732315112,0.6803833412385136,10.60678687432702,0.26483468112139263,0.19317888879921863,3.9178855305361533
0.01,0.37631578947368427,0.007568527732315112,0.7158508458407359,0.7158508458407359,0.026483468112139266,0.19906297614176047,0.038020770506943836
0.01473684210526316,0.37631578947368427,0.016436913413116483,0.7158508458407359,0.7158508458407359,0.039028268796836824,0.19906297614176047,0.08257142403724095
0.019473684210526317,0.37631578947368427,0.028701702120607728,0.7158508458407359,0.7158508458407359,0.05157306948153437,0.19906297614176047,0.14418402998339647
0.024210526315789474,0.37631578947368427,0.04436289385478885,0.7158508458407359,0.7158508458407359,0.0641178701662319,0.19906297614176047,0.22285858834541042
0.02894736842105263,0.37631578947368427,0.06342048861565987,0.7158508458407359,0.7158508458407359,0.07666267085092944,0.19906297614176047,0.3185950991232829
0.03368421052631579,0.37631578947368427,0.08587448640322078,0.7158508458407359,0.7158508458407359,0.089207471535627,0.19906297614176047,0.4313935623170138
0.03842105263157895,0.37631578947368427,0.11172488721747159,0.7158508458407359,0.7158508458407359,0.10175227222032455,0.19906297614176047,0.5612539779266034
0.04315789473684211,0.37631578947368427,0.14097169105841226,0.7158508458407359,0.7158508458407359,0.11429707290502211,0.19906297614176047,0.7081763459520511
0.04789473684210527,0.37631578947368427,0.17361489792604282,0.7158508458407359,0.7158508458407359,0.12684187358971966,0.19906297614176047,0.8721606663933574
0.052631578947368425,0.37631578947368427,0.20965450782036324,0.7158508458407359,0.9062920081761504,0.1393866742744172,0.19906297614176047,1.0532069392505221
0.05736842105263158,0.37631578947368427,0.24909052074137344,0.7158508458407359,1.615371711324652,0.15193147495911472,0.19906297614176047,1.2513151645235447
0.06210526315789474,0.37631578947368427,0.2919229366890737,0.7158508458407359,2.3855204798160896,0.16447627564381226,0.19906297614176047,1.4664853422124267
0.0668421052631579,0.37631578947368427,0.33815175566346384,0.7158508458407359,3.2167383136504606,0.17702107632850983,0.19906297614176047,1.698717472317167
0.07157894736842106,0.37631578947368427,0.387776977664544,0.7158508458407359,4.109025212827767,0.18956587701320743,0.19906297614176047,1.9480115548377663
0.07631578947368421,0.37631578947368427,0.44079860269231363,0.7158508458407359,5.062381177347999,0.20211067769790492,0.19906297614176047,2.214367589774222
0.08105263157894736,0.37631578947368427,0.49721663074677336,0.7158508458407359,6.076806207211169,0.21465547838260246,0.19906297614176047,2.4977855771265376
0.08578947368421053,0.37631578947368427,0.557031061827923,0.7158508458407359,7.152300302417271,0.2272002790673,0.19906297614176047,2.7982655168947113
0.09052631578947369,0.37631578947368427,0.6202418959357626,0.7158508458407359,8.288863462966312,0.23974507975199758,0.19906297614176047,3.1158074090787444
0.09526315789473684,0.37631578947368427,0.6868491330702918,0.7158508458407359,9.486495688858279,0.2522898804366951,0.19906297614176047,3.4504112536786344
0.1,0.37631578947368427,0.7568527732315113,0.7158508458407359,10.745196980093185,0.2648346811213927,0.19906297614176047,3.802077050694385
0.01,0.39210526315789473,0.0075685277323151124,0.752047311104862,0.752047311104862,0.02648346811213927,0.20487343754734932,0.03694245492691512
0.01473684210526316,0.39210526315789473,0.016436913413116476,0.752047311104862,0.752047311104862,0.03902826879683682,0.20487343754734932,0.08022959740360514
0.019473684210526317,0.39210526315789473,0.028701702120607728,0.752047311104862,0.752047311104862,0.05157306948153437,0.20487343754734932,0.14009479444583603
0.024210526315789474,0.39210526315789473,0.044362893854788865,0.752047311104862,0.752047311104862,0.06411787016623191,0.20487343754734932,0.21653804605360777
0.02894736842105263,0.39210526315789473,0.06342048861565987,0.752047311104862,0.752047311104862,0.07666267085092945,0.20487343754734932,0.30955935222692027
0.03368421052631579,0.39210526315789473,0.08587448640322079,0.752047311104862,0.752047311104862,0.08920747153562701,0.20487343754734932,0.41915871296577384
0.03842105263157895,0.39210526315789473,0.11172488721747158,0.752047311104862,0.752047311104862,0.10175227222032455,0.20487343754734932,0.5453361282701682
0.04315789473684211,0.39210526315789473,0.14097169105841223,0.752047311104862,0.752047311104862,0.1142970729050221,0.20487343754734932,0.6880915981401032
0.04789473684210527,0.39210526315789473,0.17361489792604282,0.752047311104862,0.752047311104862,0.12684187358971966,0.20487343754734932,0.8474251225755794
0.052631578947368425,0.39210526315789473,0.20965450782036324,0.752047311104862,0.8397988294585408,0.1393866742744172,0.20487343754734932,1.0233367015765962
0.05736842105263158,0.39210526315789473,0.24909052074137358,0.752047311104862,1.5636053861549906,0.15193147495911474,0.20487343754734932,1.215826335143154
0.06210526315789474,0.39210526315789473,0.29192293668907376,0.752047311104862,2.3497493496482633,0.1644762756438123,0.20487343754734932,1.4248940232752525
0.0668421052631579,0.39210526315789473,0.33815175566346384,0.752047311104862,3.1982307199383606,0.17702107632850983,0.20487343754734932,1.650539765972892
0.07157894736842106,0.39210526315789473,0.38777697766454394,0.752047311104862,4.109049497025283,0.1895658770132074,0.20487343754734932,1.8927635632360729
0.07631578947368421,0.39210526315789473,0.44079860269231375,0.752047311104862,5.082205680909024,0.20211067769790494,0.20487343754734932,2.151565415064794
0.08105263157894736,0.39210526315789473,0.4972166307467733,0.752047311104862,6.117699271589587,0.21465547838260246,0.20487343754734932,2.426945321459055
0.08578947368421053,0.39210526315789473,0.5570310618279231,0.752047311104862,7.215530269066979,0.22720027906730003,0.20487343754734932,2.718903282418858
0.09052631578947369,0.39210526315789473,0.6202418959357625,0.752047311104862,8.375698673341192,0.23974507975199758,0.20487343754734932,3.027439297944202
0.09526315789473684,0.39210526315789473,0.6868491330702919,0.752047311104862,9.598204484412232,0.25228988043669515,0.20487343754734932,3.3525533680350867
0.1,0.39210526315789473,0.7568527732315115,0.752047311104862,10.883047702280095,0.2648346811213927,0.20487343754734932,3.6942454926915134
0.01,0.4078947368421053,0.00756852773231511,0.78900332279293,0.78900332279293,0.026483468112139263,0.21061410617529408,0.03593552146035188
0.01473684210526316,0.4078947368421053,0.016436913413116476,0.78900332279293,0.78900332279293,0.03902826879683681,0.21061410617529408,0.07804279452885286
0.019473684210526317,0.4078947368421053,0.028701702120607728,0.78900332279293,0.78900332279293,0.05157306948153437,0.21061410617529408,0.13627625728316273
0.024210526315789474,0.4078947368421053,0.04436289385478885,0.78900332279293,0.78900332279293,0.0641178701662319,0.21061410617529408,0.21063590972328142
0.02894736842105263,0.4078947368421053,0.06342048861565985,0.78900332279293,0.78900332279293,0.07666267085092944,0.21061410617529408,0.301121751849209
0.03368421052631579,0.4078947368421053,0.08587448640322078,0.78900332279293,0.78900332279293,0.08920747153562701,0.21061410617529408,0.4077337836609456
0.03842105263157895,0.4078947368421053,0.11172488721747159,0.78900332279293,0.78900332279293,0.10175227222032457,0.21061410617529408,0.5304720051584911
0.04315789473684211,0.4078947368421053,0.1409716910584122,0.78900332279293,0.78900332279293,0.11429707290502207,0.21061410617529408,0.669336416341845
0.04789473684210527,0.4078947368421053,0.17361489792604273,0.78900332279293,0.78900332279293,0.12684187358971963,0.21061410617529408,0.8243270172110081
0.052631578947368425,0.4078947368421053,0.20965450782036324,0.78900332279293,0.78900332279293,0.1393866742744172,0.21061410617529408,0.9954438077659805
0.05736842105263158,0.4078947368421053,0.24909052074137353,0.78900332279293,1.5097057366314413,0.15193147495911472,0.21061410617529408,1.1826867880067613
0.06210526315789474,0.4078947368421053,0.2919229366890737,0.78900332279293,2.3120004907600373,0.16447627564381226,0.21061410617529408,1.386055957933351
0.0668421052631579,0.4078947368421053,0.3381517556634637,0.78900332279293,3.1779133311190937,0.1770210763285098,0.21061410617529408,1.6055513175457492
0.07157894736842106,0.4078947368421053,0.3877769776645437,0.78900332279293,4.107444257708614,0.18956587701320735,0.21061410617529408,1.8411728668439569
0.07631578947368421,0.4078947368421053,0.44079860269231363,0.78900332279293,5.100593270528596,0.20211067769790492,0.21061410617529408,2.0929206058279735
0.08105263157894736,0.4078947368421053,0.4972166307467732,0.78900332279293,6.157360369579034,0.21465547838260243,0.21061410617529408,2.360794534497798
0.08578947368421053,0.4078947368421053,0.5570310618279228,0.78900332279293,7.27774555485994,0.22720027906729998,0.21061410617529408,2.6447946528534323
0.09052631578947369,0.4078947368421053,0.6202418959357623,0.78900332279293,8.461748826371302,0.23974507975199752,0.21061410617529408,2.944920960894875
0.09526315789473684,0.4078947368421053,0.6868491330702919,0.78900332279293,9.709370184113133,0.2522898804366951,0.21061410617529408,3.261173458622128
0.1,0.4078947368421053,0.7568527732315112,0.78900332279293,11.020609628085424,0.2648346811213927,0.21061410617529408,3.593552146035189
0.01,0.42368421052631583,0.007568527732315113,0.826749466666978,0.826749466666978,0.026483468112139263,0.2162884756337968,0.034992746192957454
0.01473684210526316,0.42368421052631583,0.01643691341311648,0.826749466666978,0.826749466666978,0.03902826879683682,0.2162884756337968,0.07599532691212921
0.019473684210526317,0.42368421052631583,0.02870170212060773,0.826749466666978,0.826749466666978,0.05157306948153436,0.2162884756337968,0.1327010236514093
0.024210526315789474,0.42368421052631583,0.04436289385478886,0.826749466666978,0.826749466666978,0.0641178701662319,0.2162884756337968,0.20510983641079766
0.02894736842105263,0.42368421052631583,0.06342048861565988,0.826749466666978,0.826749466666978,0.07666267085092945,0.2162884756337968,0.2932217651902944
0.03368421052631579,0.42368421052631583,0.08587448640322079,0.826749466666978,0.826749466666978,0.089207471535627,0.2162884756337968,0.3970368099898995
0.03842105263157895,0.42368421052631583,0.1117248872174716,0.826749466666978,0.826749466666978,0.10175227222032457,0.2162884756337968,0.516554970809613
0.04315789473684211,0.42368421052631583,0.14097169105841226,0.826749466666978,0.826749466666978,0.11429707290502211,0.2162884756337968,0.6517762476494346
0.04789473684210527,0.42368421052631583,0.17361489792604282,0.826749466666978,0.826749466666978,0.12684187358971966,0.2162884756337968,0.8027006405093647
0.052631578947368425,0.42368421052631583,0.20965450782036327,0.826749466666978,0.826749466666978,0.1393866742744172,0.2162884756337968,0.9693281493894031
0.05736842105263158,0.42368421052631583,0.24909052074137364,0.826749466666978,1.4536685204632438,0.15193147495911474,0.2162884756337968,1.15165877428955
0.06210526315789474,0.42368421052631583,0.29192293668907376,0.826749466666978,2.2722899689026788,0.1644762756438123,0.2162884756337968,1.3496925152098047
0.0668421052631579,0.42368421052631583,0.3381517556634639,0.826749466666978,3.155824131315287,0.17702107632850983,0.2162884756337968,1.5634293721501682
0.07157894736842106,0.42368421052631583,0.38777697766454394,0.826749466666978,4.104271007701068,0.1895658770132074,0.2162884756337968,1.7928693451106403
0.07631578947368421,0.42368421052631583,0.44079860269231375,0.826749466666978,5.117630598060017,0.20211067769790492,0.2162884756337968,2.03801243409122
0.08105263157894736,0.42368421052631583,0.4972166307467734,0.826749466666978,6.195902902392136,0.21465547838260246,0.2162884756337968,2.298858639091908
0.08578947368421053,0.42368421052631583,0.5570310618279231,0.826749466666978,7.3390879206974295,0.22720027906730003,0.2162884756337968,2.5754079601127047
0.09052631578947369,0.42368421052631583,0.6202418959357628,0.826749466666978,8.547185652975898,0.2397450797519976,0.2162884756337968,2.8676603971536108
0.09526315789473684,0.42368421052631583,0.6868491330702922,0.826749466666978,9.820196099227532,0.25228988043669515,0.2162884756337968,3.175615950214624
0.1,0.42368421052631583,0.7568527732315112,0.826749466666978,11.158119259452336,0.26483468112139263,0.2162884756337968,3.4992746192957447
0.01,0.43947368421052635,0.007568527732315112,0.8653163284890443,0.8653163284890443,0.026483468112139266,0.22189974154341224,0.034107870877508044
0.01473684210526316,0.43947368421052635,0.016436913413116476,0.8653163284890443,0.8653163284890443,0.03902826879683682,0.22189974154341224,0.07407360323536373
0.019473684210526317,0.43947368421052635,0.028701702120607724,0.8653163284890443,0.8653163284890443,0.05157306948153436,0.22189974154341224,0.12934536075154712
0.024210526315789474,0.43947368421052635,0.04436289385478885,0.8653163284890443,0.8653163284890443,0.06411787016623191,0.22189974154341224,0.19992314342605821
0.02894736842105263,0.43947368421052635,0.06342048861565987,0.8653163284890443,0.8653163284890443,0.07666267085092945,0.22189974154341224,0.285806951258897
0.03368421052631579,0.43947368421052635,0.08587448640322075,0.8653163284890443,0.8653163284890443,0.089207471535627,0.22189974154341224,0.38699678425006345
0.03842105263157895,0.43947368421052635,0.11172488721747158,0.8653163284890443,0.8653163284890443,0.10175227222032455,0.22189974154341224,0.5034926423995578
0.04315789473684211,0.43947368421052635,0.14097169105841226,0.8653163284890443,0.8653163284890443,0.1142970729050221,0.22189974154341224,0.6352945257073799
0.04789473684210527,0.43947368421052635,0.17361489792604276,0.8653163284890443,0.8653163284890443,0.12684187358971963,0.22189974154341224,0.7824024341735293
0.052631578947368425,0.43947368421052635,0.20965450782036324,0.8653163284890443,0.8653163284890443,0.1393866742744172,0.22189974154341224,0.9448163677980068
0.05736842105263158,0.43947368421052635,0.24909052074137358,0.8653163284890443,1.3954797496062576,0.15193147495911474,0.22189974154341224,1.122536326580812
0.06210526315789474,0.43947368421052635,0.2919229366890737,0.8653163284890443,2.230622428240888,0.1644762756438123,0.22189974154341224,1.3155623105219445
0.0668421052631579,0.43947368421052635,0.33815175566346384,0.8653163284890443,3.1319878743443446,0.17702107632850983,0.22189974154341224,1.523894319621405
0.07157894736842106,0.43947368421052635,0.3877769776645439,0.8653163284890443,4.0995760879166285,0.1895658770132074,0.22189974154341224,1.7475323538791936
0.07631578947368421,0.43947368421052635,0.4407986026923137,0.8653163284890443,5.133387068957734,0.20211067769790492,0.22189974154341224,1.9864764132953092
0.08105263157894736,0.43947368421052635,0.49721663074677336,0.8653163284890443,6.233420817467666,0.21465547838260246,0.22189974154341224,2.2407264978697525
0.08578947368421053,0.43947368421052635,0.5570310618279231,0.8653163284890443,7.3996773334464265,0.22720027906730003,0.22189974154341224,2.5102826076025244
0.09052631578947369,0.43947368421052635,0.6202418959357625,0.8653163284890443,8.632156616894008,0.23974507975199755,0.22189974154341224,2.795144742493623
0.09526315789473684,0.43947368421052635,0.6868491330702918,0.8653163284890443,9.930858667810416,0.2522898804366951,0.22189974154341224,3.0953129025430495
0.1,0.43947368421052635,0.7568527732315115,0.8653163284890443,11.295783486195655,0.2648346811213927,0.22189974154341224,3.4107870877508053
0.01,0.4552631578947369,0.007568527732315111,0.9047344940211657,0.9047344940211657,0.026483468112139266,0.22745083670708127,0.03327544467142195
0.01473684210526316,0.4552631578947369,0.016436913413116472,0.9047344940211657,0.9047344940211657,0.03902826879683681,0.22745083670708127,0.07226578565760333
0.019473684210526317,0.4552631578947369,0.028701702120607714,0.9047344940211657,0.9047344940211657,0.05157306948153435,0.22745083670708127,0.1261885976597691
0.024210526315789474,0.4552631578947369,0.04436289385478884,0.9047344940211657,0.9047344940211657,0.0641178701662319,0.22745083670708127,0.19504388067791917
0.02894736842105263,0.4552631578947369,0.06342048861565984,0.9047344940211657,0.9047344940211657,0.07666267085092944,0.22745083670708127,0.27883163471205363
0.03368421052631579,0.4552631578947369,0.08587448640322073,0.9047344940211657,0.9047344940211657,0.08920747153562698,0.22745083670708127,0.3775518597621724
0.03842105263157895,0.4552631578947369,0.11172488721747154,0.9047344940211657,0.9047344940211657,0.10175227222032454,0.22745083670708127,0.49120455582827577
0.04315789473684211,0.4552631578947369,0.14097169105841217,0.9047344940211657,0.9047344940211657,0.11429707290502208,0.22745083670708127,0.6197897229103633
0.04789473684210527,0.4552631578947369,0.17361489792604276,0.9047344940211657,0.9047344940211657,0.12684187358971963,0.22745083670708127,0.7633073610084353
0.052631578947368425,0.4552631578947369,0.20965450782036324,0.9047344940211657,0.9047344940211657,0.1393866742744172,0.22745083670708127,0.9217574701224919
0.05736842105263158,0.4552631578947369,0.24909052074137353,0.9047344940211657,1.3351169201530313,0.15193147495911474,0.22745083670708127,1.0951400502525324
0.06210526315789474,0.4552631578947369,0.29192293668907365,0.9047344940211657,2.186992532728875,0.1644762756438123,0.22745083670708127,1.2834551013985571
0.0668421052631579,0.4552631578947369,0.33815175566346367,0.9047344940211657,3.1064177533503794,0.1770210763285098,0.22745083670708127,1.4867026235605663
0.07157894736842106,0.4552631578947369,0.3877769776645438,0.9047344940211657,4.09339258201755,0.18956587701320737,0.22745083670708127,1.7048826167385607
0.07631578947368421,0.4552631578947369,0.44079860269231347,0.9047344940211657,5.147917018730377,0.20211067769790492,0.22745083670708127,1.9379950809325381
0.08105263157894736,0.4552631578947369,0.4972166307467732,0.9047344940211657,6.269991063488868,0.21465547838260243,0.22745083670708127,2.1860400161425004
0.08578947368421053,0.4552631578947369,0.5570310618279228,0.9047344940211657,7.459614716293021,0.22720027906729998,0.22745083670708127,2.4490174223684473
0.09052631578947369,0.4552631578947369,0.6202418959357624,0.9047344940211657,8.716787977142838,0.23974507975199752,0.22745083670708127,2.726927299610379
0.09526315789473684,0.4552631578947369,0.6868491330702917,0.9047344940211657,10.041510846038312,0.2522898804366951,0.22745083670708127,3.0197696478682943
0.1,0.4552631578947369,0.7568527732315108,0.9047344940211657,11.433783322979446,0.26483468112139263,0.22745083670708127,3.3275444671421934
0.01,0.4710526315789474,0.007568527732315111,0.9450345490253813,0.9450345490253813,0.026483468112139263,0.2329444610572389,0.03249069627139741
0.01473684210526316,0.4710526315789474,0.016436913413116476,0.9450345490253813,0.9450345490253813,0.03902826879683681,0.2329444610572389,0.07056151212403206
0.019473684210526317,0.4710526315789474,0.028701702120607717,0.9450345490253813,0.9450345490253813,0.05157306948153435,0.2329444610572389,0.12321264043086717
0.024210526315789474,0.4710526315789474,0.044362893854788844,0.9450345490253813,0.9450345490253813,0.0641178701662319,0.2329444610572389,0.1904440811919028
0.02894736842105263,0.4710526315789474,0.06342048861565987,0.9450345490253813,0.9450345490253813,0.07666267085092945,0.2329444610572389,0.27225583440713896
0.03368421052631579,0.4710526315789474,0.08587448640322075,0.9450345490253813,0.9450345490253813,0.08920747153562698,0.2329444610572389,0.36864790007657555
0.03842105263157895,0.4710526315789474,0.11172488721747159,0.9450345490253813,0.9450345490253813,0.10175227222032457,0.2329444610572389,0.47962027820021297
0.04315789473684211,0.4710526315789474,0.14097169105841223,0.9450345490253813,0.9450345490253813,0.1142970729050221,0.2329444610572389,0.6051729687780505
0.04789473684210527,0.4710526315789474,0.17361489792604282,0.9450345490253813,0.9450345490253813,0.12684187358971966,0.2329444610572389,0.7453059718100887
0.052631578947368425,0.4710526315789474,0.20965450782036327,0.9450345490253813,0.9450345490253813,0.1393866742744172,0.2329444610572389,0.9000192872963275
0.05736842105263158,0.4710526315789474,0.24909052074137353,0.9450345490253813,1.2725500469874416,0.15193147495911472,0.2329444610572389,1.0693129152367664
0.06210526315789474,0.4710526315789474,0.29192293668907376,0.9450345490253813,2.1413861786792823,0.1644762756438123,0.2329444610572389,1.253186855631406
0.0668421052631579,0.4710526315789474,0.3381517556634638,0.9450345490253813,3.0791168053951448,0.1770210763285098,0.2329444610572389,1.451641108480246
0.07157894736842106,0.4710526315789474,0.38777697766454383,0.9450345490253813,4.0857419271350315,0.18956587701320737,0.2329444610572389,1.664675673783287
0.07631578947368421,0.4710526315789474,0.44079860269231363,0.9450345490253813,5.161261543898939,0.20211067769790492,0.2329444610572389,1.892290551540528
0.08105263157894736,0.4710526315789474,0.49721663074677325,0.9450345490253813,6.305675655686867,0.21465547838260243,0.2329444610572389,2.134485741751969
0.08578947368421053,0.4710526315789474,0.5570310618279228,0.9450345490253813,7.5189842624988215,0.2272002790673,0.2329444610572389,2.391261244417611
0.09052631578947369,0.4710526315789474,0.6202418959357627,0.9450345490253813,8.801187364334805,0.2397450797519976,0.2329444610572389,2.6626170595374554
0.09526315789473684,0.4710526315789474,0.6868491330702918,0.9450345490253813,10.152284961194797,0.2522898804366951,0.2329444610572389,2.9485531871114974
0.1,0.4710526315789474,0.7568527732315112,0.9450345490253813,11.572277053078821,0.2648346811213927,0.2329444610572389,3.2490696271397415
0.01,0.48684210526315796,0.00756852773231511,0.9862470792637285,0.9862470792637285,0.026483468112139263,0.23838310730423912,0.0317494298060965
0.01473684210526316,0.48684210526315796,0.016436913413116472,0.9862470792637285,0.9862470792637285,0.03902826879683681,0.23838310730423912,0.0689516702714118
0.019473684210526317,0.48684210526315796,0.028701702120607714,0.9862470792637285,0.9862470792637285,0.05157306948153435,0.23838310730423912,0.12040157729791165
0.024210526315789474,0.48684210526315796,0.04436289385478885,0.9862470792637285,0.9862470792637285,0.06411787016623191,0.23838310730423912,0.18609915088559614
0.02894736842105263,0.48684210526315796,0.06342048861565985,0.9862470792637285,0.9862470792637285,0.07666267085092944,0.23838310730423912,0.26604439103446514
0.03368421052631579,0.48684210526315796,0.08587448640322075,0.9862470792637285,0.9862470792637285,0.08920747153562698,0.23838310730423912,0.36023729774451874
0.03842105263157895,0.48684210526315796,0.11172488721747155,0.9862470792637285,0.9862470792637285,0.10175227222032454,0.23838310730423912,0.46867787101575703
0.04315789473684211,0.48684210526315796,0.1409716910584122,0.9862470792637285,0.9862470792637285,0.11429707290502208,0.23838310730423912,0.5913661108481798
0.04789473684210527,0.48684210526315796,0.1736148979260427,0.9862470792637285,0.9862470792637285,0.12684187358971963,0.23838310730423912,0.7283020172417869
0.052631578947368425,0.48684210526315796,0.20965450782036316,0.9862470792637285,0.9862470792637285,0.13938667427441717,0.23838310730423912,0.879485590196579
0.05736842105263158,0.48684210526315796,0.2490905207413735,0.9862470792637285,1.2077425398327002,0.15193147495911472,0.23838310730423912,1.0449168297125557
0.06210526315789474,0.48684210526315796,0.2919229366890737,0.9862470792637285,2.0937815214522097,0.16447627564381226,0.23838310730423912,1.2245957357897168
0.0668421052631579,0.48684210526315796,0.3381517556634637,0.9862470792637285,3.0500791007331767,0.1770210763285098,0.23838310730423912,1.4185223084280623
0.07157894736842106,0.48684210526315796,0.3877769776645437,0.9862470792637285,4.076635277675604,0.18956587701320735,0.23838310730423912,1.6266965476275925
0.07631578947368421,0.48684210526315796,0.4407986026923136,0.9862470792637285,5.173450052279491,0.2021106776979049,0.23838310730423912,1.8491184533883074
0.08105263157894736,0.48684210526315796,0.49721663074677325,0.9862470792637285,6.340523424544836,0.21465547838260243,0.23838310730423912,2.085788025710207
0.08578947368421053,0.48684210526315796,0.5570310618279227,0.9862470792637285,7.577855394471637,0.22720027906729998,0.23838310730423912,2.33670526459329
0.09052631578947369,0.48684210526315796,0.6202418959357625,0.9862470792637285,8.885445962059906,0.23974507975199758,0.23838310730423912,2.60187017003756
0.09526315789473684,0.48684210526315796,0.6868491330702915,0.9862470792637285,10.263295127309618,0.25228988043669504,0.23838310730423912,2.881282742043011
0.1,0.48684210526315796,0.756852773231511,0.9862470792637285,11.711402890220805,0.26483468112139263,0.23838310730423912,3.17494298060965
0.01,0.5026315789473685,0.007568527732315112,1.0284026704982454,1.0284026704982454,0.026483468112139266,0.243769083022177,0.031047939461734616
0.01473684210526316,0.5026315789473685,0.01643691341311648,1.0284026704982454,1.0284026704982454,0.03902826879683682,0.243769083022177,0.06742821201662035
0.019473684210526317,0.5026315789473685,0.02870170212060772,1.0284026704982454,1.0284026704982454,0.05157306948153435,0.243769083022177,0.11774135491167503
0.024210526315789474,0.5026315789473685,0.044362893854788865,1.0284026704982454,1.0284026704982454,0.06411787016623191,0.243769083022177,0.1819873681468988
0.02894736842105263,0.5026315789473685,0.06342048861565988,1.0284026704982454,1.0284026704982454,0.07666267085092945,0.243769083022177,0.2601662517222915
0.03368421052631579,0.5026315789473685,0.08587448640322076,1.0284026704982454,1.0284026704982454,0.089207471535627,0.243769083022177,0.35227800563785316
0.03842105263157895,0.5026315789473685,0.11172488721747158,1.0284026704982454,1.0284026704982454,0.10175227222032455,0.243769083022177,0.45832262989358397
0.04315789473684211,0.5026315789473685,0.14097169105841223,1.0284026704982454,1.0284026704982454,0.1142970729050221,0.243769083022177,0.5783001244894836
0.04789473684210527,0.5026315789473685,0.1736148979260428,1.0284026704982454,1.0284026704982454,0.12684187358971966,0.243769083022177,0.7122104894255523
0.052631578947368425,0.5026315789473685,0.20965450782036327,1.0284026704982454,1.0284026704982454,0.1393866742744172,0.243769083022177,0.8600537247017902
0.05736842105263158,0.5026315789473685,0.2490905207413735,1.0284026704982454,1.1406519494770297,0.15193147495911474,0.243769083022177,1.0218298303181965
0.06210526315789474,0.5026315789473685,0.2919229366890737,1.0284026704982454,2.0441498499983024,0.1644762756438123,0.243769083022177,1.1975388062747723
0.0668421052631579,0.5026315789473685,0.33815175566346384,1.0284026704982454,3.019290755847253,0.17702107632850983,0.243769083022177,1.3871806525715171
0.07157894736842106,0.5026315789473685,0.38777697766454394,1.0284026704982454,4.066074667023884,0.1895658770132074,0.243769083022177,1.5907553692084313
0.07631578947368421,0.5026315789473685,0.4407986026923136,1.0284026704982454,5.184501583528186,0.2021106776979049,0.243769083022177,1.8082629561855132
0.08105263157894736,0.5026315789473685,0.49721663074677336,1.0284026704982454,6.374571505360172,0.21465547838260246,0.243769083022177,2.039703413502765
0.08578947368421053,0.5026315789473685,0.5570310618279231,1.0284026704982454,7.636284432519833,0.22720027906730003,0.243769083022177,2.2850767411601858
0.09052631578947369,0.5026315789473685,0.6202418959357626,1.0284026704982454,8.969640365007175,0.23974507975199758,0.243769083022177,2.5443829391577757
0.09526315789473684,0.5026315789473685,0.6868491330702919,1.0284026704982454,10.374639302822194,0.25228988043669515,0.243769083022177,2.8176220074955345
0.1,0.5026315789473685,0.7568527732315111,1.0284026704982454,11.851281245964888,0.26483468112139263,0.243769083022177,3.1047939461734617
0.01,0.518421052631579,0.0075685277323151124,1.0715319084909691,1.0715319084909691,0.026483468112139266,0.2491045297630382,0.03038293899960273
0.01473684210526316,0.518421052631579,0.01643691341311648,1.0715319084909691,1.0715319084909691,0.03902826879683682,0.2491045297630382,0.06598400048667187
0.019473684210526317,0.518421052631579,0.028701702120607728,1.0715319084909691,1.0715319084909691,0.05157306948153437,0.2491045297630382,0.11521951105389512
0.024210526315789474,0.518421052631579,0.04436289385478886,1.0715319084909691,1.0715319084909691,0.06411787016623191,0.2491045297630382,0.1780894707012725
0.02894736842105263,0.518421052631579,0.06342048861565987,1.0715319084909691,1.0715319084909691,0.07666267085092945,0.2491045297630382,0.254593879428804
0.03368421052631579,0.518421052631579,0.08587448640322076,1.0715319084909691,1.0715319084909691,0.08920747153562698,0.2491045297630382,0.3447327372364896
0.03842105263157895,0.518421052631579,0.11172488721747159,1.0715319084909691,1.0715319084909691,0.10175227222032455,0.2491045297630382,0.4485060441243296
0.04315789473684211,0.518421052631579,0.14097169105841226,1.0715319084909691,1.0715319084909691,0.1142970729050221,0.2491045297630382,0.5659138000923235
0.04789473684210527,0.518421052631579,0.1736148979260428,1.0715319084909691,1.0715319084909691,0.12684187358971966,0.2491045297630382,0.6969560051404715
0.052631578947368425,0.518421052631579,0.2096545078203633,1.0715319084909691,1.0715319084909691,0.13938667427441723,0.2491045297630382,0.841632659268774
0.05736842105263158,0.518421052631579,0.24909052074137356,1.0715319084909691,1.0715319084909691,0.15193147495911472,0.2491045297630382,0.99994376247723
0.06210526315789474,0.518421052631579,0.2919229366890737,1.0715319084909691,1.9924563359921976,0.16447627564381226,0.2491045297630382,1.1718893147658402
0.0668421052631579,0.518421052631579,0.33815175566346384,1.0715319084909691,2.986730801214343,0.1770210763285098,0.2491045297630382,1.357469316134605
0.07157894736842106,0.518421052631579,0.3877769776645439,1.0715319084909691,4.054054002656893,0.18956587701320737,0.2491045297630382,1.556683766583524
0.07631578947368421,0.518421052631579,0.4407986026923137,1.0715319084909691,5.194425940319842,0.20211067769790492,0.2491045297630382,1.7695326661125967
0.08105263157894736,0.518421052631579,0.49721663074677347,1.0715319084909691,6.407846614203194,0.21465547838260246,0.2491045297630382,1.9960160147218238
0.08578947368421053,0.518421052631579,0.5570310618279231,1.0715319084909691,7.694316024306948,0.2272002790673,0.2491045297630382,2.2361338124112047
0.09052631578947369,0.518421052631579,0.6202418959357627,1.0715319084909691,9.05383417063111,0.23974507975199758,0.2491045297630382,2.4898860591807406
0.09526315789473684,0.518421052631579,0.6868491330702919,1.0715319084909691,10.486401053175666,0.2522898804366951,0.2491045297630382,2.7572727550304292
0.1,0.518421052631579,0.7568527732315115,1.0715319084909691,11.99201667194063,0.2648346811213927,0.2491045297630382,3.0382938999602738
0.01,0.5342105263157895,0.007568527732315112,1.1156653790039388,1.1156653790039388,0.026483468112139266,0.25439143967711225,0.029751503202786647
0.01473684210526316,0.5342105263157895,0.01643691341311648,1.1156653790039388,1.1156653790039388,0.03902826879683682,0.25439143967711225,0.0646126828559134
0.019473684210526317,0.5342105263157895,0.028701702120607728,1.1156653790039388,1.1156653790039388,0.05157306948153436,0.25439143967711225,0.11282495258896102
0.024210526315789474,0.5342105263157895,0.04436289385478886,1.1156653790039388,1.1156653790039388,0.0641178701662319,0.25439143967711225,0.1743883124019295
0.02894736842105263,0.5342105263157895,0.06342048861565985,1.1156653790039388,1.1156653790039388,0.07666267085092944,0.25439143967711225,0.24930276229481882
0.03368421052631579,0.5342105263157895,0.08587448640322078,1.1156653790039388,1.1156653790039388,0.08920747153562698,0.25439143967711225,0.33756830226762913
0.03842105263157895,0.5342105263157895,0.11172488721747156,1.1156653790039388,1.1156653790039388,0.10175227222032454,0.25439143967711225,0.4391849323203603
0.04315789473684211,0.5342105263157895,0.14097169105841223,1.1156653790039388,1.1156653790039388,0.11429707290502208,0.25439143967711225,0.5541526524530123
0.04789473684210527,0.5342105263157895,0.17361489792604282,1.1156653790039388,1.1156653790039388,0.12684187358971966,0.25439143967711225,0.6824714626655853
0.052631578947368425,0.5342105263157895,0.20965450782036324,1.1156653790039388,1.1156653790039388,0.13938667427441717,0.25439143967711225,0.824141362958079
0.05736842105263158,0.5342105263157895,0.24909052074137353,1.1156653790039388,1.1156653790039388,0.15193147495911472,0.25439143967711225,0.9791623533304936
0.06210526315789474,0.5342105263157895,0.29192293668907376,1.1156653790039388,1.9386606789161975,0.1644762756438123,0.25439143967711225,1.1475344337828293
0.0668421052631579,0.5342105263157895,0.33815175566346384,1.1156653790039388,2.9523719285445336,0.17702107632850983,0.25439143967711225,1.3292576043150857
0.07157894736842106,0.5342105263157895,0.38777697766454394,1.1156653790039388,4.040559923043526,0.1895658770132074,0.25439143967711225,1.5243318649272635
0.07631578947368421,0.5342105263157895,0.4407986026923137,1.1156653790039388,5.203224662413166,0.20211067769790492,0.25439143967711225,1.7327572156193611
0.08105263157894736,0.5342105263157895,0.49721663074677336,1.1156653790039388,6.44036614665346,0.21465547838260246,0.25439143967711225,1.9545336563913798
0.08578947368421053,0.5342105263157895,0.557031061827923,1.1156653790039388,7.751984375764408,0.2272002790673,0.25439143967711225,2.1896611872433196
0.09052631578947369,0.5342105263157895,0.6202418959357626,1.1156653790039388,9.138079349746015,0.23974507975199758,0.25439143967711225,2.438139808175181
0.09526315789473684,0.5342105263157895,0.6868491330702919,1.1156653790039388,10.59865106859827,0.2522898804366951,0.25439143967711225,2.6999695191869626
0.1,0.5342105263157895,0.7568527732315113,1.1156653790039388,12.133699532321181,0.2648346811213927,0.25439143967711225,2.9751503202786655
0.01,0.55,0.007568527732315111,1.160833667799192,1.160833667799192,0.026483468112139263,0.2596316700289173,0.029151018947234528
0.01473684210526316,0.55,0.01643691341311648,1.160833667799192,1.160833667799192,0.03902826879683682,0.2596316700289173,0.06330858408485285
0.019473684210526317,0.55,0.02870170212060772,1.160833667799192,1.160833667799192,0.05157306948153435,0.2596316700289173,0.11054776991347388
0.024210526315789474,0.55,0.044362893854788844,1.160833667799192,1.160833667799192,0.0641178701662319,0.2596316700289173,0.17086857643309766
0.02894736842105263,0.55,0.06342048861565987,1.160833667799192,1.160833667799192,0.07666267085092945,0.2596316700289173,0.24427100364372425
0.03368421052631579,0.55,0.08587448640322076,1.160833667799192,1.160833667799192,0.08920747153562698,0.2596316700289173,0.33075505154535356
0.03842105263157895,0.55,0.11172488721747158,1.160833667799192,1.160833667799192,0.10175227222032455,0.2596316700289173,0.4303207201379857
0.04315789473684211,0.55,0.14097169105841223,1.160833667799192,1.160833667799192,0.11429707290502208,0.2596316700289173,0.5429680094216205
0.04789473684210527,0.55,0.17361489792604276,1.160833667799192,1.160833667799192,0.12684187358971963,0.2596316700289173,0.668696919396258
0.052631578947368425,0.55,0.20965450782036318,1.160833667799192,1.160833667799192,0.13938667427441717,0.2596316700289173,0.8075074500618983
0.05736842105263158,0.55,0.24909052074137347,1.160833667799192,1.160833667799192,0.15193147495911472,0.2596316700289173,0.9593996014185412
0.06210526315789474,0.55,0.2919229366890737,1.160833667799192,1.8827176642857557,0.1644762756438123,0.2596316700289173,1.1243733734661872
0.0668421052631579,0.55,0.33815175566346384,1.160833667799192,2.916181137406912,0.17702107632850983,0.2596316700289173,1.302428766204836
0.07157894736842106,0.55,0.38777697766454383,1.160833667799192,4.025572539165541,0.18956587701320737,0.2596316700289173,1.4935657796344874
0.07631578947368421,0.55,0.4407986026923135,1.160833667799192,5.210891869561637,0.2021106776979049,0.2596316700289173,1.6977844137551408
0.08105263157894736,0.55,0.4972166307467732,1.160833667799192,6.4721391285952095,0.21465547838260243,0.2596316700289173,1.9150846685667975
0.08578947368421053,0.55,0.557031061827923,1.160833667799192,7.809314316266256,0.2272002790673,0.2596316700289173,2.1454665440694574
0.09052631578947369,0.55,0.6202418959357625,1.160833667799192,9.222417432574778,0.23974507975199755,0.2596316700289173,2.38893004026312
0.09526315789473684,0.55,0.6868491330702917,1.160833667799192,10.711448477520763,0.2522898804366951,0.2596316700289173,2.6454751571477844
0.1,0.55,0.7568527732315111,1.160833667799192,12.276407451104232,0.26483468112139263,0.2596316700289173,2.915101894723453
