Neural_Delay_tau,Predictive_Horizon_Tpred,Stable,Control_Effort,Total_Free_Energy
0.0,0.0,1,0.6601498156805542,0.004326973489779285
0.0,0.021052631578947368,1,0.6000482647501275,0.004185348657995328
0.0,0.042105263157894736,1,0.5527455831465948,0.004105774332711062
0.0,0.06315789473684211,1,0.5147447220201165,0.004072629253295312
0.0,0.08421052631578947,1,0.48368276608094635,0.004075844164735304
0.0,0.10526315789473684,1,0.4579180540286288,0.004108745437322609
0.0,0.12631578947368421,1,0.43627973626072997,0.004166841810031487
0.0,0.14736842105263157,1,0.41791254221716395,0.004247107091583498
0.0,0.16842105263157894,1,0.40217819693113,0.00434753861600792
0.0,0.18947368421052632,1,0.3885912238526675,0.004466876557226757
0.0,0.21052631578947367,1,0.3714383012796201,0.004679924672842109
0.0,0.23157894736842105,1,0.36174760180674503,0.0048444047687080175
0.0,0.25263157894736843,1,0.35319996193879716,0.005027094958498892
0.0,0.2736842105263158,1,0.34562527090259143,0.005228538532784781
0.0,0.29473684210526313,1,0.33888445123716066,0.005449540174196971
0.0,0.3157894736842105,1,0.3328627647437814,0.005691152764263492
0.0,0.3368421052631579,1,0.327464774712864,0.005954674168613928
0.0,0.35789473684210527,1,0.3226105056321826,0.006241652471692385
0.0,0.37894736842105264,1,0.31823248119187236,0.0065538988561509165
0.0,0.4,1,0.31243542011240066,0.007074312088440518
0.021052631578947368,0.0,1,0.6269045633457422,0.004233305470064139
0.021052631578947368,0.021052631578947368,1,0.6581670253577606,0.0043208643205018375
0.021052631578947368,0.042105263157894736,1,0.598246926384347,0.004183068426368554
0.021052631578947368,0.06315789473684211,1,0.5510877127514003,0.004107294977141076
0.021052631578947368,0.08421052631578947,1,0.5132026504166339,0.004078063349192169
0.021052631578947368,0.10526315789473684,1,0.4822358387372397,0.004085418012631785
0.021052631578947368,0.12631578947368421,1,0.4565505113515116,0.004122785797066025
0.021052631578947368,0.14736842105263157,1,0.43497932084119856,0.004185770772892391
0.021052631578947368,0.16842105263157894,1,0.4166695614255305,0.004271442257130217
0.021052631578947368,0.18947368421052632,1,0.4009848767472078,0.00437789706984366
0.021052631578947368,0.21052631578947367,1,0.3813519279256384,0.004574184363774797
0.021052631578947368,0.23157894736842105,1,0.3703439368535381,0.004728763966785381
0.021052631578947368,0.25263157894736843,1,0.3606852652600863,0.00490233448082021
0.021052631578947368,0.2736842105263158,1,0.35216638979380416,0.005095302836917058
0.021052631578947368,0.29473684210526313,1,0.344617722278228,0.005308381496191905
0.021052631578947368,0.3157894736842105,1,0.33790061569834917,0.005542565660590396
0.021052631578947368,0.3368421052631579,1,0.3319006902485435,0.005799123363591825
0.021052631578947368,0.35789473684210527,1,0.32652281071075195,0.006079595985182851
0.021052631578947368,0.37894736842105264,1,0.32168725773819523,0.006385807770109572
0.021052631578947368,0.4,1,0.3153064975949314,0.006898123186197612
0.042105263157894736,0.0,1,0.5936087204095694,0.004168241105919051
0.042105263157894736,0.021052631578947368,1,0.6279130349591906,0.004235974698899648
0.042105263157894736,0.042105263157894736,1,0.6535812294679688,0.004310047955206078
0.042105263157894736,0.06315789473684211,1,0.5941003069867419,0.004181169110506744
0.042105263157894736,0.08421052631578947,1,0.5472908772569708,0.004114133233607298
0.042105263157894736,0.10526315789473684,1,0.509690627308724,0.004093757828766484
0.042105263157894736,0.12631578947368421,1,0.4789602714432514,0.004110315044736597
0.042105263157894736,0.14736842105263157,1,0.45347464414114746,0.004157419682708911
0.042105263157894736,0.16842105263157894,1,0.4320747041875958,0.004230841634310834
0.042105263157894736,0.18947368421052632,1,0.4139138342923711,0.004327804522542125
0.042105263157894736,0.21052631578947367,1,0.39140635678126934,0.004513762469658371
0.042105263157894736,0.23157894736842105,1,0.37889793787631704,0.004663495587755402
0.042105263157894736,0.25263157894736843,1,0.3679901165757368,0.004833542460452831
0.042105263157894736,0.2736842105263158,1,0.3584230280202978,0.005024126962449594
0.042105263157894736,0.29473684210526313,1,0.34998868039165915,0.005235826970225467
0.042105263157894736,0.3157894736842105,1,0.3425187319725905,0.00546953659877014
0.042105263157894736,0.3368421052631579,1,0.33587556045494354,0.005726445375623159
0.042105263157894736,0.35789473684210527,1,0.32994563579532776,0.006008030538412609
0.042105263157894736,0.37894736842105264,1,0.32463453261389114,0.006316060181834047
0.042105263157894736,0.4,1,0.3176585350978449,0.006832308227862213
0.06315789473684211,0.0,1,0.5602719493912792,0.004147761138667452
0.06315789473684211,0.021052631578947368,1,0.5976106807735121,0.004173260896167105
0.06315789473684211,0.042105263157894736,1,0.6263618673909325,0.004234608307507358
0.06315789473684211,0.06315789473684211,1,0.6464910927313623,0.004298811503083137
0.06315789473684211,0.08421052631578947,1,0.5877228807504683,0.004183732967830573
0.06315789473684211,0.10526315789473684,1,0.5414846608542042,0.0041300371969942035
0.06315789473684211,0.12631578947368421,1,0.504352907570613,0.004122968692500289
0.06315789473684211,0.14736842105263157,1,0.47401471485267893,0.004153109013336573
0.06315789473684211,0.16842105263157894,1,0.4488633256790005,0.004214312428013839
0.06315789473684211,0.18947368421052632,1,0.42775286780649957,0.0043025452655752845
0.06315789473684211,0.21052631578947367,1,0.40189299633560543,0.00448015517623901
0.06315789473684211,0.23157894736842105,1,0.3876698641658717,0.004626681186787369
0.06315789473684211,0.25263157894736843,1,0.37535590437573346,0.004794957732928426
0.06315789473684211,0.2736842105263158,1,0.3646261076847293,0.004984930017543679
0.06315789473684211,0.29473684210526313,1,0.355223560719266,0.005196958514174249
0.06315789473684211,0.3157894736842105,1,0.3469426206424993,0.005431761495667878
0.06315789473684211,0.3368421052631579,1,0.339616829285584,0.005690380833019205
0.06315789473684211,0.35789473684210527,1,0.33311008220787297,0.005974165201293831
0.06315789473684211,0.37894736842105264,1,0.32731007519306027,0.0062847671537429655
0.06315789473684211,0.4,1,0.31973502491889183,0.0068053424866647925
0.08421052631578947,0.0,1,0.5269020370565475,0.004202273425926689
0.08421052631578947,0.021052631578947368,1,0.5672691983681167,0.004145181721189469
0.08421052631578947,0.042105263157894736,1,0.5990965527805757,0.004175729978674579
0.08421052631578947,0.06315789473684211,1,0.6222929849977696,0.004233185184178521
0.08421052631578947,0.08421052631578947,1,0.6370518814062626,0.004291470959438658
0.08421052631578947,0.10526315789473684,1,0.5792808635615903,0.0041946743324095025
0.08421052631578947,0.12631578947368421,1,0.5338458318281681,0.004158413533699995
0.08421052631578947,0.14736842105263157,1,0.4973764653090903,0.004168470060725009
0.08421052631578947,0.16842105263157894,1,0.4675960056441561,0.004215799496394575
0.08421052631578947,0.18947368421052632,1,0.4429228847024074,0.004294531889572904
0.08421052631578947,0.21052631578947367,1,0.4131082031078022,0.004463548052234598
0.08421052631578947,0.23157894736842105,1,0.3969070086618027,0.004606998239543605
0.08421052631578947,0.25263157894736843,1,0.3829973197646656,0.004773708924913442
0.08421052631578947,0.2736842105263158,1,0.370968630392541,0.0049632517745546055
0.08421052631578947,0.29473684210526313,1,0.360500922931068,0.005175700789138272
0.08421052631578947,0.3157894736842105,1,0.35134117412908356,0.005411548312977964
0.08421052631578947,0.3368421052631579,1,0.3432867931984092,0.005671653683503236
0.08421052631578947,0.35789473684210527,1,0.3361737253552568,0.005957215353500835
0.08421052631578947,0.37894736842105264,1,0.32986775959772113,0.006269760899794688
0.08421052631578947,0.4,1,0.3216848917142553,0.006793340738747343
0.10526315789473684,0.0,1,0.5156984331846419,0.004397666456342493
0.10526315789473684,0.021052631578947368,1,0.5368961367184423,0.004175451853341404
0.10526315789473684,0.042105263157894736,1,0.5717940295985993,0.004142785563794001
0.10526315789473684,0.06315789473684211,1,0.5980514799701959,0.004179408788492381
0.10526315789473684,0.08421052631578947,1,0.6158088906771159,0.004235695287777897
0.10526315789473684,0.10526315789473684,1,0.6254729040816156,0.004292197364895261
0.10526315789473684,0.12631578947368421,1,0.568988273286734,0.004217596401641152
0.10526315789473684,0.14736842105263157,1,0.5245931096112878,0.004202229181799914
0.10526315789473684,0.16842105263157894,1,0.48898453946738535,0.004232514583851651
0.10526315789473684,0.18947368421052632,1,0.4599315613993858,0.0042998426192443024
0.10526315789473684,0.21052631578947367,1,0.42537975013337126,0.004458693417488055
0.10526315789473684,0.23157894736842105,1,0.40686626337122384,0.0045984579705273
0.10526315789473684,0.25263157894736843,1,0.3911235034559867,0.004763144690217355
0.10526315789473684,0.2736842105263158,1,0.3776270323858532,0.004951849431662191
0.10526315789473684,0.29473684210526313,1,0.365974357519222,0.00516429492708213
0.10526315789473684,0.3157894736842105,1,0.3558515993020157,0.005400708757388273
0.10526315789473684,0.3368421052631579,1,0.3470104748124512,0.005661747828267175
0.10526315789473684,0.35789473684210527,1,0.3392520742839013,0.005948454859474908
0.10526315789473684,0.37894736842105264,1,0.33241520973323735,0.006262238098046945
0.10526315789473684,0.4,1,0.32360549272731,0.006787657780795802
0.12631578947368421,0.0,1,0.6423286774072663,0.00490839877512337
0.12631578947368421,0.021052631578947368,1,0.5169510319446656,0.004315469183711429
0.12631578947368421,0.042105263157894736,1,0.5444615438748879,0.00415362338568605
0.12631578947368421,0.06315789473684211,1,0.5737747747005221,0.0041442545972830685
0.12631578947368421,0.08421052631578947,1,0.594525163552368,0.004187980482678336
0.12631578947368421,0.10526315789473684,1,0.607071106266627,0.004245991802805265
0.12631578947368421,0.12631578947368421,1,0.6120123828854168,0.004304855905016849
0.12631578947368421,0.14736842105263157,1,0.5571005679426063,0.004255675646596471
0.12631578947368421,0.16842105263157894,1,0.5139796901027979,0.004263951155589285
0.12631578947368421,0.18947368421052632,1,0.4794281617419765,0.004316836309666078
0.12631578947368421,0.21052631578947367,1,0.4390972143208833,0.0044628930319621845
0.12631578947368421,0.23157894736842105,1,0.41783684793340037,0.004597900258226673
0.12631578947368421,0.25263157894736843,1,0.39995673049618186,0.004759767015644246
0.12631578947368421,0.2736842105263158,1,0.38477799566723314,0.004946984183810036
0.12631578947368421,0.29473684210526313,1,0.37178877105398467,0.005158846141797429
0.12631578947368421,0.3157894736842105,1,0.36059604653973903,0.005395272001620472
0.12631578947368421,0.3368421052631579,1,0.35089317948224874,0.005656694572663018
0.12631578947368421,0.35789473684210527,1,0.342437460771899,0.005943993918055048
0.12631578947368421,0.37894736842105264,1,0.3350343061984501,0.0062584617351240605
0.12631578947368421,0.4,1,0.32556589616010534,0.0067849115132664365
0.14736842105263157,0.0,1,1.1019330489024188,0.0063965669221767
0.14736842105263157,0.021052631578947368,1,0.6167664018425423,0.00470134522281212
0.14736842105263157,0.042105263157894736,1,0.5190037756084285,0.004246938876086538
0.14736842105263157,0.06315789473684211,1,0.5494697519598187,0.004140626904131929
0.14736842105263157,0.08421052631578947,1,0.5732083064001801,0.004152996583278666
0.14736842105263157,0.10526315789473684,1,0.5886313012988058,0.0042049398589022405
0.14736842105263157,0.12631578947368421,1,0.5962960716842566,0.004267654338985094
0.14736842105263157,0.14736842105263157,1,0.5969697330984169,0.004332873011029016
0.14736842105263157,0.16842105263157894,1,0.5439059697733183,0.004311584846343515
0.14736842105263157,0.18947368421052632,1,0.5022837669887625,0.004345529788956583
0.14736842105263157,0.21052631578947367,1,0.45475173269346836,0.004475006811083247
0.14736842105263157,0.23157894736842105,1,0.4301670875529752,0.004603771991822701
0.14736842105263157,0.25263157894736843,1,0.4097518750965004,0.004761772071302779
0.14736842105263157,0.2736842105263158,1,0.3926138621427728,0.004946712193233366
0.14736842105263157,0.29473684210526313,1,0.37809366400206923,0.0051573526643659716
0.14736842105263157,0.3157894736842105,1,0.36569389500648297,0.005393243491848725
0.14736842105263157,0.3368421052631579,1,0.3550324799400298,0.005654560431432976
0.14736842105263157,0.35789473684210527,1,0.34581114091018,0.005942004971973905
0.14736842105263157,0.37894736842105264,1,0.33779364772658077,0.00625674655018027
0.14736842105263157,0.4,1,0.3276200878598449,0.006783678834105225
0.16842105263157894,0.0,1,2.5309216411818714,0.013980195838470036
0.16842105263157894,0.021052631578947368,1,1.0183589734011893,0.0058496154341253735
0.16842105263157894,0.042105263157894736,1,0.5909908282463828,0.0045252250150520845
0.16842105263157894,0.06315789473684211,1,0.5251418347809619,0.004196513837661967
0.16842105263157894,0.08421052631578947,1,0.5518647863908511,0.004139649521824586
0.16842105263157894,0.10526315789473684,1,0.570160474384762,0.0041720872463306205
0.16842105263157894,0.12631578947368421,1,0.5805445136847919,0.004233494305604444
0.16842105263157894,0.14736842105263157,1,0.583748389810364,0.004303875819546941
0.16842105263157894,0.16842105263157894,1,0.580675429508624,0.00437914404570016
0.16842105263157894,0.18947368421052632,1,0.5297147871346303,0.004387461631705422
0.16842105263157894,0.21052631578947367,1,0.4729929015405155,0.004494999848612399
0.16842105263157894,0.23157894736842105,1,0.4443000492731495,0.004615535814361748
0.16842105263157894,0.25263157894736843,1,0.42081997355914336,0.0047683427973072776
0.16842105263157894,0.2736842105263158,1,0.4013592948762883,0.004950072563582851
0.16842105263157894,0.29473684210526313,1,0.3850558400023087,0.00515879766422704
0.16842105263157894,0.3157894736842105,1,0.37127221530869,0.005393610242387197
0.16842105263157894,0.3368421052631579,1,0.3595274277213861,0.005654378146821372
0.16842105263157894,0.35789473684210527,1,0.34945183562956994,0.005941595753582938
0.16842105263157894,0.37894736842105264,1,0.34075675106552616,0.006256294656239285
0.16842105263157894,0.4,1,0.32981495335282046,0.006783321877756652
0.18947368421052632,0.0,1,7.06802836969122,0.09937998648202932
0.18947368421052632,0.021052631578947368,1,2.271517620799042,0.011731010661671816
0.18947368421052632,0.042105263157894736,1,0.9346367501905322,0.005377426389494629
0.18947368421052632,0.06315789473684211,1,0.5661735369567859,0.0043860667241025775
0.18947368421052632,0.08421052631578947,1,0.5304998060581185,0.004167266162930999
0.18947368421052632,0.10526315789473684,1,0.5516646354681869,0.004153249151776659
0.18947368421052632,0.12631578947368421,1,0.564764056879197,0.004204229872833498
0.18947368421052632,0.14736842105263157,1,0.5704945535620116,0.0042764857035492146
0.18947368421052632,0.16842105263157894,1,0.5697315014091218,0.004357383748855961
0.18947368421052632,0.18947368421052632,1,0.563478859316423,0.0044459898394246765
0.18947368421052632,0.21052631578947367,1,0.49471496455303765,0.0045238171988947065
0.18947368421052632,0.23157894736842105,1,0.46082500837724427,0.004633416771985227
0.18947368421052632,0.25263157894736843,1,0.43356011998283694,0.004779315114671769
0.18947368421052632,0.2736842105263158,1,0.41129201426962597,0.004956697804845603
0.18947368421052632,0.29473684210526313,1,0.3928736943425195,0.005162719277960754
0.18947368421052632,0.3157894736842105,1,0.37747628163098623,0.005395882324051456
0.18947368421052632,0.3368421052631579,1,0.3644868213417339,0.005655670745753237
0.18947368421052632,0.35789473684210527,1,0.35344264051296537,0.005942327260427244
0.18947368421052632,0.37894736842105264,1,0.3439881130089651,0.006256719192512157
0.18947368421052632,0.4,1,0.3321955640309487,0.006783542204956427
0.21052631578947367,0.0,1,30.075113947329037,3.034074046700849
0.21052631578947367,0.021052631578947368,1,9.953852817211759,0.23491197340235284
0.21052631578947367,0.042105263157894736,1,3.2123807789965055,0.020131040885514723
0.21052631578947367,0.06315789473684211,1,1.181967168198346,0.005848524935501878
0.21052631578947367,0.08421052631578947,1,0.6231890073860228,0.0044266279845272425
0.21052631578947367,0.10526315789473684,1,0.5238841934823135,0.004183625830802083
0.21052631578947367,0.12631578947368421,1,0.5410510291742533,0.004178263920150852
0.21052631578947367,0.14736842105263157,1,0.5505651782775016,0.004240906285499668
0.21052631578947367,0.16842105263157894,1,0.5532613751917301,0.00432623392264249
0.21052631578947367,0.18947368421052632,1,0.5501142469608641,0.004422688064649776
0.21052631578947367,0.21052631578947367,1,0.5367662854940871,0.004588531918385368
0.21052631578947367,0.23157894736842105,1,0.49196776029199474,0.004674021361541113
0.21052631578947367,0.25263157894736843,1,0.45702622675710564,0.004804962917085821
0.21052631578947367,0.2736842105263158,1,0.42923548500069403,0.004972966807268163
0.21052631578947367,0.29473684210526313,1,0.40676766087848215,0.005173081095005344
0.21052631578947367,0.3157894736842105,1,0.38835238382373244,0.005402523108962857
0.21052631578947367,0.3368421052631579,1,0.37308284066645014,0.0056599729011004955
0.21052631578947367,0.35789473684210527,1,0.3602958455197066,0.00594516326032792
0.21052631578947367,0.37894736842105264,1,0.3494958053478841,0.006258636069401723
0.21052631578947367,0.4,1,0.3362195743651618,0.006784674218380318
0.23157894736842105,0.0,0,inf,inf
0.23157894736842105,0.021052631578947368,1,26.255511837916124,2.3161813621348224
0.23157894736842105,0.042105263157894736,1,8.549975782854263,0.17247698312996598
0.23157894736842105,0.06315789473684211,1,2.787290600717205,0.015645834950828063
0.23157894736842105,0.08421052631578947,1,1.0455932825233734,0.005280314070603241
0.23157894736842105,0.10526315789473684,1,0.5816174696810549,0.0043149980977545705
0.23157894736842105,0.12631578947368421,1,0.5252205139556653,0.0041877619571129765
0.23157894736842105,0.14736842105263157,1,0.5372535708207958,0.004224452158748582
0.23157894736842105,0.16842105263157894,1,0.5422523470403948,0.004307355625713242
0.23157894736842105,0.18947368421052632,1,0.5411724626857674,0.004407529325886786
0.23157894736842105,0.21052631578947367,1,0.5304625124530832,0.004580173804830757
0.23157894736842105,0.23157894736842105,1,0.5188432196755313,0.0047133989980140244
0.23157894736842105,0.25263157894736843,1,0.47675933859069014,0.004829745141246563
0.23157894736842105,0.2736842105263158,1,0.4439953030526468,0.004988783899938578
0.23157894736842105,0.29473684210526313,1,0.4179857408836921,0.005183301919443367
0.23157894736842105,0.3157894736842105,1,0.39699798654407614,0.005409211458919759
0.23157894736842105,0.3368421052631579,1,0.37982789460415384,0.00566441244777984
0.23157894736842105,0.35789473684210527,1,0.3656160382905522,0.005948159793313579
0.23157894736842105,0.37894736842105264,1,0.35373408295093234,0.006260698035882443
0.23157894736842105,0.4,1,0.3392847910396777,0.006785899211459833
0.25263157894736843,0.0,0,inf,inf
0.25263157894736843,0.021052631578947368,0,inf,inf
0.25263157894736843,0.042105263157894736,1,22.478917979735495,1.6993639851187616
0.25263157894736843,0.06315789473684211,1,7.224111013984472,0.12258134294035218
0.25263157894736843,0.08421052631578947,1,2.3829040932783716,0.012044331398713167
0.25263157894736843,0.10526315789473684,1,0.9173160392882399,0.004862508206294
0.25263157894736843,0.12631578947368421,1,0.5459578150414532,0.004258410328629252
0.25263157894736843,0.14736842105263157,1,0.523926524214858,0.004221144518399582
0.25263157894736843,0.16842105263157894,1,0.5312251717858973,0.004291543297873188
0.25263157894736843,0.18947368421052632,1,0.5322100828585229,0.004392998962582533
0.25263157894736843,0.21052631578947367,1,0.5241352959246979,0.0045718336156990854
0.25263157894736843,0.23157894736842105,1,0.5139640742701246,0.004708579750918503
0.25263157894736843,0.25263157894736843,1,0.5011916201109375,0.004862965540718332
0.25263157894736843,0.2736842105263158,1,0.46189025433853437,0.005009764277173433
0.25263157894736843,0.29473684210526313,1,0.43134640463765844,0.005196791909337571
0.25263157894736843,0.3157894736842105,1,0.4071418642284975,0.005418028634298391
0.25263157894736843,0.3368421052631579,1,0.3876436345824453,0.0056702700258578955
0.25263157894736843,0.35789473684210527,1,0.37171711537189916,0.005952117778269845
0.25263157894736843,0.37894736842105264,1,0.35855286721320173,0.006263420590767497
0.25263157894736843,0.4,1,0.3427345396267106,0.0067875067403768965
0.2736842105263158,0.0,0,inf,inf
0.2736842105263158,0.021052631578947368,0,inf,inf
0.2736842105263158,0.042105263157894736,0,inf,inf
0.2736842105263158,0.06315789473684211,1,18.840955120870493,1.192990868617374
0.2736842105263158,0.08421052631578947,1,5.993924432106765,0.084158037723794
0.2736842105263158,0.10526315789473684,1,2.0006658132668336,0.009283050746901073
0.2736842105263158,0.12631578947368421,1,0.8002356406154417,0.004583170552857937
0.2736842105263158,0.14736842105263157,1,0.5204483802640617,0.004252002342231858
0.2736842105263158,0.16842105263157894,1,0.5201837388989932,0.004282205966432366
0.2736842105263158,0.18947368421052632,1,0.5232308902021097,0.004379713045345295
0.2736842105263158,0.21052631578947367,1,0.5177882931162303,0.004563568871707529
0.2736842105263158,0.23157894736842105,1,0.5090637631899758,0.004703818764315755
0.2736842105263158,0.25263157894736843,1,0.4975010869902857,0.00486077984137833
0.2736842105263158,0.2736842105263158,1,0.4840788787516974,0.005037673032740069
0.2736842105263158,0.29473684210526313,1,0.44757503613766286,0.005214484716349764
0.2736842105263158,0.3157894736842105,1,0.41924993681712175,0.0054294819757499035
0.2736842105263158,0.3368421052631579,1,0.39683708167024556,0.005677827057088325
0.2736842105263158,0.35789473684210527,1,0.37880642138701504,0.005957196056890816
0.2736842105263158,0.37894736842105264,1,0.3640954199485698,0.006266894987281512
0.2736842105263158,0.4,1,0.3466542920685272,0.006789538291740334
0.29473684210526313,0.0,0,inf,inf
0.29473684210526313,0.021052631578947368,0,inf,inf
0.29473684210526313,0.042105263157894736,0,inf,inf
0.29473684210526313,0.06315789473684211,1,36.04737968346948,5.689213750117664
0.29473684210526313,0.08421052631578947,1,15.428089852205717,0.7968248205316798
0.29473684210526313,0.10526315789473684,1,4.873841335654895,0.055698213202407316
0.29473684210526313,0.12631578947368421,1,1.6463729918555439,0.007281458920195558
0.29473684210526313,0.14736842105263157,1,0.6971809925952881,0.004425169023957077
0.29473684210526313,0.16842105263157894,1,0.5109951102872277,0.004289868275910395
0.29473684210526313,0.18947368421052632,1,0.5142384618600355,0.0043691476694277765
0.29473684210526313,0.21052631578947367,1,0.5114248461219812,0.00455549461917301
0.29473684210526313,0.23157894736842105,1,0.5041454517066022,0.004699175176342375
0.29473684210526313,0.25263157894736843,1,0.4937914810459653,0.004858754297926054
0.29473684210526313,0.2736842105263158,1,0.48135715708001453,0.005037348804169695
0.29473684210526313,0.29473684210526313,1,0.46772371369982224,0.005237873542182314
0.29473684210526313,0.3157894736842105,1,0.4339810665312845,0.0054443724910895365
0.29473684210526313,0.3368421052631579,1,0.40783156299186885,0.005687528767752604
0.29473684210526313,0.35789473684210527,1,0.3871630019683336,0.005963649852101082
0.29473684210526313,0.37894736842105264,1,0.37055023803439535,0.006271271770225406
0.29473684210526313,0.4,1,0.35115317483217334,0.0067920657844471105
0.3157894736842105,0.0,0,inf,inf
0.3157894736842105,0.021052631578947368,0,inf,inf
0.3157894736842105,0.042105263157894736,0,inf,inf
0.3157894736842105,0.06315789473684211,0,inf,inf
0.3157894736842105,0.08421052631578947,1,29.674584744267378,3.837789061347163
0.3157894736842105,0.10526315789473684,1,12.302759348637627,0.5026137704591449
0.3157894736842105,0.12631578947368421,1,3.874455291275677,0.035511708961603376
0.3157894736842105,0.14736842105263157,1,1.3277552683170635,0.00593319632093298
0.3157894736842105,0.16842105263157894,1,0.6120563455820065,0.0043686668603393295
0.3157894736842105,0.18947368421052632,1,0.505408485133494,0.00436587338631415
0.3157894736842105,0.21052631578947367,1,0.5050479349316096,0.004547868323691301
0.3157894736842105,0.23157894736842105,1,0.4992120665724575,0.004694764579365975
0.3157894736842105,0.25263157894736843,1,0.4900655288347077,0.004856988041256396
0.3157894736842105,0.2736842105263158,1,0.4786182555402956,0.0050372989545019444
0.3157894736842105,0.29473684210526313,1,0.46577217729538123,0.005238782446397713
0.3157894736842105,0.3157894736842105,1,0.45229108704907595,0.005463958874547738
0.3157894736842105,0.3368421052631579,1,0.42122634977790085,0.005700057879008569
0.3157894736842105,0.35789473684210527,1,0.39717237551481227,0.005971864712287638
0.3157894736842105,0.37894736842105264,1,0.3781717636642328,0.006276776529310435
0.3157894736842105,0.4,1,0.3563739264849494,0.006795196408128637
0.3368421052631579,0.0,0,inf,inf
0.3368421052631579,0.021052631578947368,0,inf,inf
0.3368421052631579,0.042105263157894736,0,inf,inf
0.3368421052631579,0.06315789473684211,0,inf,inf
0.3368421052631579,0.08421052631578947,0,inf,inf
0.3368421052631579,0.10526315789473684,1,24.070527222300296,2.502247659377587
0.3368421052631579,0.12631578947368421,1,9.513838194271651,0.2964685936141007
0.3368421052631579,0.14736842105263157,1,3.002143987204267,0.021917502245781803
0.3368421052631579,0.16842105263157894,1,1.052371682537353,0.005117807154826058
0.3368421052631579,0.18947368421052632,1,0.5536718565419468,0.004393413747132849
0.3368421052631579,0.21052631578947367,1,0.49865820619990425,0.00454138477656861
0.3368421052631579,0.23157894736842105,1,0.49426625221517295,0.00469084194106129
0.3368421052631579,0.25263157894736843,1,0.48632578304585256,0.00485567070647929
0.3368421052631579,0.2736842105263158,1,0.4758645169192746,0.005037673651220034
0.3368421052631579,0.29473684210526313,1,0.4638051475050471,0.005240063076636162
0.3368421052631579,0.3157894736842105,1,0.45093564192436764,0.005465613398658363
0.3368421052631579,0.3368421052631579,1,0.43789088666993875,0.00571647402234145
0.3368421052631579,0.35789473684210527,1,0.40938071036402096,0.005982420682469921
0.3368421052631579,0.37894736842105264,1,0.38731205087200454,0.006283740707914334
0.3368421052631579,0.4,1,0.3625076163230288,0.0067990835226173
0.35789473684210527,0.0,0,inf,inf
0.35789473684210527,0.021052631578947368,0,inf,inf
0.35789473684210527,0.042105263157894736,0,inf,inf
0.35789473684210527,0.06315789473684211,0,inf,inf
0.35789473684210527,0.08421052631578947,0,inf,inf
0.35789473684210527,0.10526315789473684,0,inf,inf
0.35789473684210527,0.12631578947368421,1,19.174918874889173,1.5559863032246875
0.35789473684210527,0.14736842105263157,1,7.091890588412151,0.1615017615318558
0.35789473684210527,0.16842105263157894,1,2.2646206583770865,0.013365161241713292
0.35789473684210527,0.18947368421052632,1,0.8298344461079022,0.004712236548920664
0.35789473684210527,0.21052631578947367,1,0.4954779763808345,0.0045387053954392175
0.35789473684210527,0.23157894736842105,1,0.4893054656922246,0.004688089577300195
0.35789473684210527,0.25263157894736843,1,0.4825745797937156,0.004855214713234349
0.35789473684210527,0.2736842105263158,1,0.47309816369965285,0.0050387580879652635
0.35789473684210527,0.29473684210526313,1,0.4618246375453376,0.005241911101827196
0.35789473684210527,0.3157894736842105,1,0.44956618512574104,0.005467706626470368
0.35789473684210527,0.3368421052631579,1,0.43698365986349275,0.005718514593148382
0.35789473684210527,0.35789473684210527,1,0.4245803203245224,0.005996210393908352
0.35789473684210527,0.37894736842105264,1,0.39847009633853553,0.006292656841130542
0.35789473684210527,0.4,1,0.36981595351578245,0.006803946010247766
0.37894736842105264,0.0,0,inf,inf
0.37894736842105264,0.021052631578947368,0,inf,inf
0.37894736842105264,0.042105263157894736,0,inf,inf
0.37894736842105264,0.06315789473684211,0,inf,inf
0.37894736842105264,0.08421052631578947,0,inf,inf
0.37894736842105264,0.10526315789473684,0,inf,inf
0.37894736842105264,0.12631578947368421,0,inf,inf
0.37894736842105264,0.14736842105263157,1,14.862789123171735,0.9071109980017609
0.37894736842105264,0.16842105263157894,1,5.060569210468624,0.08027178530539722
0.37894736842105264,0.18947368421052632,1,1.667682886148881,0.008499913552717038
0.37894736842105264,0.21052631578947367,1,0.5547668866525,0.004560173548269076
0.37894736842105264,0.23157894736842105,1,0.4886075223557449,0.004689108165021334
0.37894736842105264,0.25263157894736843,1,0.4788074259119375,0.0048567145540890765
0.37894736842105264,0.2736842105263158,1,0.47032125458454566,0.0050411694862742065
0.37894736842105264,0.29473684210526313,1,0.45983258377529945,0.005244697215077341
0.37894736842105264,0.3157894736842105,1,0.4481844516730764,0.0054704661106833976
0.37894736842105264,0.3368421052631579,1,0.436063707504755,0.005721027936243702
0.37894736842105264,0.35789473684210527,1,0.4239997507612099,0.005998386360200359
0.37894736842105264,0.37894736842105264,1,0.41236957568634497,0.006304278535753536
0.37894736842105264,0.4,1,0.37866575361029814,0.006810101479312555
0.4,0.0,0,inf,inf
0.4,0.021052631578947368,0,inf,inf
0.4,0.042105263157894736,0,inf,inf
0.4,0.06315789473684211,0,inf,inf
0.4,0.08421052631578947,0,inf,inf
0.4,0.10526315789473684,0,inf,inf
0.4,0.12631578947368421,0,inf,inf
0.4,0.14736842105263157,0,inf,inf
0.4,0.16842105263157894,1,15.23231287041493,1.0818410751289413
0.4,0.18947368421052632,1,4.971774381783787,0.08787085947414092
0.4,0.21052631578947367,1,1.0774367883442317,0.005697420690054672
0.4,0.23157894736842105,1,0.6304441746625304,0.004773566139811757
0.4,0.25263157894736843,1,0.5111933403365195,0.004876211243247136
0.4,0.2736842105263158,1,0.46678662207682603,0.005051773566991752
0.4,0.29473684210526313,1,0.4568261680051614,0.005252685730226552
0.4,0.3157894736842105,1,0.44609251108715137,0.005476915842226112
0.4,0.3368421052631579,1,0.43466320510532935,0.005726270956202151
0.4,0.35789473684210527,1,0.4231075192359392,0.006002616841539053
0.4,0.37894736842105264,1,0.4118397968350581,0.006307661959118735
0.4,0.4,1,0.3960445703340345,0.006822864392029642
